Guid,Name,Type,BillingStreet,BillingCity,BillingState,BillingPostalCode,BillingCountry,BillingLatitude,BillingLongitude,BillingGeocodeAccuracy,ShippingStreet,ShippingCity,ShippingState,ShippingPostalCode,ShippingCountry,ShippingLatitude,ShippingLongitude,ShippingGeocodeAccuracy,Phone,Fax,Website,Industry,AnnualRevenue,NumberOfEmployees,Description,IsCustomerPortal,Jigsaw,AccountSource,SicDesc,ccrz__CustomField1__c,ccrz__CustomField2__c,ccrz__DataId__c,ccrz__PreventAddrBookSave__c,ccrz__PreventNewAddrCheckout__c,ccrz__PreventNewBillAddrCO__c,ccrz__SourceSystem__c,ccrz__TaxExemptAccount__c,ccrz__UsedByCloudcraze__c,SBQQ__AssetQuantitiesCombined__c,SBQQ__CoTermedContractsCombined__c,SBQQ__CoTerminationEvent__c,SBQQ__ContractCoTermination__c,SBQQ__IgnoreParentContractedPrices__c,SBQQ__PreserveBundle__c,SBQQ__PriceHoldEnd__c,SBQQ__RenewalModel__c,SBQQ__RenewalPricingMethod__c,SBQQ__TaxExempt__c,CorporateLocations__c,FranchiseLocations__c,TaxID__c,BillingEmail__c,Test_Field__c,Custom_Account_Picklist__c,trakcelstandard__c,A__c,b__c,C__c,D__c,E__c,F__c,G__c,H__c,K__c,I__c,J__c,X1__c,test__c,AAA__c

24e9f70f-c385-4e09-ac7c-95fca549c5f2,Twinder,Prospect,3000 N Sam Houston Pkwy E,Houston,TX,77032-3299,United States,#N/A,#N/A,#N/A,#N/A,#N/A,#N/A,#N/A,#N/A,#N/A,#N/A,#N/A,1.281.871.2699,#N/A,#N/A,Technology,2.3633E10,#N/A,Systym Vitals is the leader in Technology in Houston,false,#N/A,#N/A,#N/A,#N/A,#N/A,#N/A,false,false,false,#N/A,false,false,false,false,#N/A,Never,false,true,#N/A,Contract Based,Same,No,#N/A,#N/A,#N/A,#N/A,#N/A,#N/A,#N/A,#N/A,false,false,false,false,false,false,false,false,false,#N/A,false,#N/A,#N/A
1e27a0f8-eb8c-4d92-a06d-87427627b543,Meembee,Customer,1 Canada Square,Canary Wharf,London,E14 5AJ,United Kingdom,#N/A,#N/A,#N/A,#N/A,#N/A,#N/A,#N/A,#N/A,#N/A,#N/A,#N/A,#N/A,#N/A,#N/A,Healthcare,1.78663741E8,#N/A,St. Francis Hospital is the leader in Healthcare in Canary Wharf,false,#N/A,#N/A,#N/A,#N/A,#N/A,#N/A,false,false,false,#N/A,false,false,false,false,#N/A,Never,false,true,#N/A,Contract Based,Same,No,#N/A,#N/A,#N/A,#N/A,Test,#N/A,#N/A,#N/A,false,false,false,false,false,false,false,false,false,#N/A,false,#N/A,#N/A
cdabd1c4-7af7-4856-b85a-f914f125c256,Tagopia,Customer,1 Toyota-Cho,Tokyo,#N/A,#N/A,Japan,#N/A,#N/A,#N/A,4 Riverside Rd,#N/A,#N/A,#N/A,#N/A,#N/A,#N/A,#N/A,#N/A,#N/A,#N/A,Technology,6.30331409E8,#N/A,Widget Corp is the leader in Technology,false,#N/A,#N/A,#N/A,#N/A,#N/A,#N/A,false,false,false,#N/A,false,false,false,false,#N/A,Never,false,true,#N/A,Contract Based,Same,No,#N/A,#N/A,#N/A,#N/A,#N/A,#N/A,#N/A,#N/A,false,false,false,false,false,false,false,false,false,#N/A,false,#N/A,#N/A
18849aff-d930-4d82-8b0b-19ffeb5e82c0,Blognation,Customer,1 Johnson and Johnson Plz,New Brunswick,NJ,08933-0002,United States,#N/A,#N/A,#N/A,P.O. BOX 767,Neenah,WI,54957-0767,US,#N/A,#N/A,#N/A,1.732.524.0400,#N/A,#N/A,Financial Services,7.0074E10,#N/A,Budgetworks is the leader in Financial Services in New Brunswick,false,#N/A,#N/A,#N/A,#N/A,#N/A,#N/A,false,false,false,#N/A,false,false,false,false,#N/A,Never,false,true,#N/A,Contract Based,Same,No,#N/A,#N/A,#N/A,#N/A,Test,#N/A,#N/A,#N/A,false,false,false,false,false,false,false,false,false,#N/A,false,#N/A,#N/A
ebcd2db4-7c06-4fdd-9cc5-4cb4582bb147,Dynabox,Prospect,28a College Rd S,Riverview,NSW,2066,Australia,#N/A,#N/A,#N/A,28a College Rd S,Riverview,NSW,2066,Australia,#N/A,#N/A,#N/A,(02) 8954 8573,#N/A,#N/A,Manufacturing,1.89091733E8,#N/A,QWERTY Logistics is the leader in Manufacturing in Riverview,false,#N/A,#N/A,#N/A,#N/A,#N/A,#N/A,false,false,false,#N/A,false,false,false,false,#N/A,Never,false,true,#N/A,Contract Based,Same,No,#N/A,#N/A,#N/A,#N/A,Test,#N/A,#N/A,#N/A,false,false,false,false,false,false,false,false,false,#N/A,false,#N/A,#N/A
cf03c3af-404a-4019-b160-236aae4fbfe5,Gevee,Prospect,6051 Northridge Park,Houston,TX,77240,United States,#N/A,#N/A,#N/A,#N/A,#N/A,#N/A,#N/A,#N/A,#N/A,#N/A,#N/A,#N/A,#N/A,#N/A,Consulting,3317099.0,#N/A,#N/A,false,#N/A,#N/A,#N/A,#N/A,#N/A,#N/A,false,false,false,#N/A,false,false,false,false,#N/A,Never,false,true,#N/A,Contract Based,Same,No,#N/A,#N/A,#N/A,#N/A,Test,#N/A,#N/A,#N/A,false,false,false,false,false,false,false,false,false,#N/A,false,#N/A,#N/A
410e52c7-b9de-422c-8c64-c6476218130f,Quire,Customer,4/81 Doncaster Av,Kensington,NSW,1465,Australia,#N/A,#N/A,#N/A,4/81 Doncaster Av,Kensington,NSW,1465,Australia,#N/A,#N/A,#N/A,(02) 6721 8929,#N/A,#N/A,Healthcare,1.46231103E8,#N/A,SB North is the leader in Healthcare in Kensington,false,#N/A,#N/A,#N/A,#N/A,#N/A,#N/A,false,false,false,#N/A,false,false,false,false,#N/A,Never,false,true,#N/A,Contract Based,Same,No,#N/A,#N/A,#N/A,#N/A,Test,#N/A,#N/A,#N/A,false,false,false,false,false,false,false,false,false,#N/A,false,#N/A,#N/A
2be5173b-2455-4ecc-968d-e622a896cfe2,Livefish,Customer,Shell Centre,London,#N/A,SE1 7NA,United Kingdom,#N/A,#N/A,#N/A,#N/A,#N/A,#N/A,#N/A,#N/A,#N/A,#N/A,#N/A,#N/A,#N/A,#N/A,Electronics,1.58331476E8,#N/A,Videlectrix is the leader in Electronics,false,#N/A,#N/A,#N/A,#N/A,#N/A,#N/A,false,false,false,#N/A,false,false,false,false,#N/A,Never,false,true,#N/A,Contract Based,Same,No,#N/A,#N/A,#N/A,#N/A,Test,#N/A,#N/A,#N/A,false,false,false,false,false,false,false,false,false,#N/A,false,#N/A,#N/A
cbeb6aaa-6091-4a46-8183-34c32e7a39cf,Avaveo,Customer,7601 Penn Ave S,Richfield,MN,55423-3683,United States,#N/A,#N/A,#N/A,#N/A,#N/A,#N/A,#N/A,#N/A,#N/A,#N/A,#N/A,1.612.291.1000,#N/A,#N/A,Services,3.9528E10,#N/A,"Kustodial Services, LLC is the leader in Services in Richfield",false,#N/A,#N/A,#N/A,#N/A,#N/A,#N/A,false,false,false,#N/A,false,false,false,false,#N/A,Never,false,true,#N/A,Contract Based,Same,No,#N/A,#N/A,#N/A,#N/A,Test,#N/A,#N/A,#N/A,false,false,false,false,false,false,false,false,false,#N/A,false,#N/A,#N/A
50abb216-b7d6-499c-bb6e-6c1423b2a616,Tazzy,Prospect,1000 Lowes Blvd,Mooresville,NC,28117-8520,United States,#N/A,#N/A,#N/A,P.O. BOX 1000,Mooresville,NC,28115-1000,US,#N/A,#N/A,#N/A,1.704.758.1000,#N/A,#N/A,Consumer Goods,5.9074E10,#N/A,Finley Companies is the leader in Consumer Goods in Mooresville,false,#N/A,#N/A,#N/A,#N/A,#N/A,#N/A,false,false,false,#N/A,false,false,false,false,#N/A,Never,false,true,#N/A,Contract Based,Same,No,#N/A,#N/A,#N/A,#N/A,Test,#N/A,#N/A,#N/A,false,false,false,false,false,false,false,false,false,#N/A,false,#N/A,#N/A
94489879-3e39-405e-97ee-314269e20b3e,Agimba,Customer,18 McMahon Dr,Ballan,VIC,3342,Australia,#N/A,#N/A,#N/A,18 McMahon Dr,Ballan,VIC,3342,Australia,#N/A,#N/A,#N/A,(03) 8664 6673,#N/A,#N/A,Apparel,5.29570951E8,#N/A,Minuteman Cafe is the leader in Apparel in Ballan,false,#N/A,#N/A,#N/A,#N/A,#N/A,#N/A,false,false,false,#N/A,false,false,false,false,#N/A,Never,false,true,#N/A,Contract Based,Same,No,#N/A,#N/A,#N/A,#N/A,Test,#N/A,#N/A,#N/A,false,false,false,false,false,false,false,false,false,#N/A,false,#N/A,#N/A
92dca97c-7716-40c3-9f03-2a7507dd733b,Browsetype,Customer,708 3rd Ave Rm 1500,New York,NY,10017-4108,United States,#N/A,#N/A,#N/A,708 3rd Ave Rm 1500,#N/A,#N/A,#N/A,#N/A,#N/A,#N/A,#N/A,1.212.485.3500,#N/A,#N/A,Non Profit,3.46761E10,#N/A,First Response Relief Services is the leader in Non Profit in New York,false,#N/A,#N/A,#N/A,#N/A,#N/A,#N/A,false,false,false,#N/A,false,false,false,false,#N/A,Never,false,true,#N/A,Contract Based,Same,No,#N/A,#N/A,#N/A,#N/A,Test,#N/A,#N/A,#N/A,false,false,false,false,false,false,false,false,false,#N/A,false,#N/A,#N/A
bf591d28-a62b-44bc-8082-c3ef0ece3886,Camimbo,Customer,3500 Deer Creek Road,Palo Alto,CA,35265,United States,#N/A,#N/A,#N/A,#N/A,#N/A,#N/A,#N/A,#N/A,#N/A,#N/A,#N/A,5552652358,#N/A,#N/A,Shipping,6.524859542E9,#N/A,123 Warehousing is the leader in Shipping in Palo Alto,false,#N/A,#N/A,#N/A,#N/A,#N/A,#N/A,false,false,false,#N/A,false,false,false,false,#N/A,Never,false,true,#N/A,Contract Based,Same,No,#N/A,#N/A,#N/A,#N/A,Test,#N/A,#N/A,#N/A,false,false,false,false,false,false,false,false,false,#N/A,false,#N/A,#N/A
0938a1cc-70d6-4bcd-b7d7-890a7891544d,Photolist,Customer,18 Hillside Rd,Avoca Beach,NSW,2251,Australia,#N/A,#N/A,#N/A,18 Hillside Rd,Avoca Beach,NSW,2251,Australia,#N/A,#N/A,#N/A,(02) 7233 8627,#N/A,#N/A,Healthcare,4.12752795E8,#N/A,CL North is the leader in Healthcare in Avoca Beach,false,#N/A,#N/A,#N/A,#N/A,#N/A,#N/A,false,false,false,#N/A,false,false,false,false,#N/A,Never,false,true,#N/A,Contract Based,Same,No,#N/A,#N/A,#N/A,#N/A,#N/A,#N/A,#N/A,#N/A,false,false,false,false,false,false,false,false,false,#N/A,false,#N/A,#N/A
99b9aa65-92da-4d12-bdff-f1a2cf8a2923,Gabcube,Customer,140 Diagonal Rd,Warradale,SA,5046,Australia,#N/A,#N/A,#N/A,140 Diagonal Rd,Warradale,SA,5046,Australia,#N/A,#N/A,#N/A,(08) 8985 7724,#N/A,#N/A,Apparel,1.27207233E8,#N/A,Charles Townsend Agency is the leader in Apparel in Warradale,false,#N/A,#N/A,#N/A,#N/A,#N/A,#N/A,false,false,false,#N/A,false,false,false,false,#N/A,Never,false,true,#N/A,Contract Based,Same,No,#N/A,#N/A,#N/A,#N/A,Test,#N/A,#N/A,#N/A,false,false,false,false,false,false,false,false,false,#N/A,false,#N/A,#N/A
efde0613-0606-490f-a795-14d7f5dd98c5,Zoomcast,Prospect,1 Express Way,Saint Louis,MO,63121-1824,United States,#N/A,#N/A,#N/A,#N/A,#N/A,#N/A,#N/A,#N/A,#N/A,#N/A,#N/A,1.314.996.0900,#N/A,#N/A,Retail,1.01752E11,#N/A,Rhapsodic AG is the leader in Retail in Saint Louis,false,#N/A,#N/A,#N/A,#N/A,#N/A,#N/A,false,false,false,#N/A,false,false,false,false,#N/A,Never,false,true,#N/A,Contract Based,Same,No,#N/A,#N/A,#N/A,#N/A,Test,#N/A,#N/A,#N/A,false,false,false,false,false,false,false,false,false,#N/A,false,#N/A,#N/A
8387b2ff-2279-48b7-b907-dde12c7a1f3d,Voonix,Customer,1 Procter and Gamble Plz,Cincinnati,OH,45202-3393,United States,#N/A,#N/A,#N/A,P.O. BOX 599,Cincinnati,OH,45201-0599,US,#N/A,#N/A,#N/A,1.513.983.1100,#N/A,#N/A,Consumer Goods,7.6279E10,#N/A,ADM Goods is the leader in Consumer Goods in Cincinnati,false,#N/A,#N/A,#N/A,#N/A,#N/A,#N/A,false,false,false,#N/A,false,false,false,false,#N/A,Never,false,true,#N/A,Contract Based,Same,No,#N/A,#N/A,#N/A,#N/A,#N/A,#N/A,#N/A,#N/A,false,false,false,false,false,false,false,false,false,#N/A,false,#N/A,#N/A
245a82ba-3220-4d32-8404-2b0cf11c61ba,Chatterpoint,Customer,980 Great West Road,Middlesex,London,#N/A,United Kingdom,#N/A,#N/A,#N/A,#N/A,#N/A,#N/A,#N/A,#N/A,#N/A,#N/A,#N/A,#N/A,#N/A,#N/A,Healthcare,8.9244318E7,#N/A,TF South is the leader in Healthcare in Middlesex,false,#N/A,#N/A,#N/A,#N/A,#N/A,#N/A,false,false,false,#N/A,false,false,false,false,#N/A,Never,false,true,#N/A,Contract Based,Same,No,#N/A,#N/A,#N/A,#N/A,Test,#N/A,#N/A,#N/A,false,false,false,false,false,false,false,false,false,#N/A,false,#N/A,#N/A
db97d66d-1e0b-4e65-8b5e-b75f26a48f1d,Jaxspan,Prospect,67 Como Pde,Como,NSW,2226,Australia,#N/A,#N/A,#N/A,67 Como Pde,Como,NSW,2226,Australia,#N/A,#N/A,#N/A,(02) 6849 6177,#N/A,#N/A,Consulting,6.8846673E7,#N/A,Megadodo Publications is the leader in Consulting in Como,false,#N/A,#N/A,#N/A,#N/A,#N/A,#N/A,false,false,false,#N/A,false,false,false,false,#N/A,Never,false,true,#N/A,Contract Based,Same,No,#N/A,#N/A,#N/A,#N/A,#N/A,#N/A,#N/A,#N/A,false,false,false,false,false,false,false,false,false,#N/A,false,#N/A,#N/A
2095f251-f2c9-4527-a8be-abcac6a29ebd,Zoombox,Customer,200 George Street,Sydney,NSW,2000,Australia,#N/A,#N/A,#N/A,200 George Street,Sydney,NSW,2000,Australia,#N/A,#N/A,#N/A,(02) 8858 6163,#N/A,#N/A,Machinery,4.77757321E8,#N/A,Corellian Engineering Corporation is the leader in Machinery in Sydney,false,#N/A,#N/A,#N/A,#N/A,#N/A,#N/A,false,false,false,#N/A,false,false,false,false,#N/A,Never,false,true,#N/A,Contract Based,Same,No,#N/A,#N/A,#N/A,#N/A,#N/A,#N/A,#N/A,#N/A,false,false,false,false,false,false,false,false,false,#N/A,false,#N/A,#N/A
bd8358df-49a9-49db-956f-2f1ba5ed461e,Kwimbee,Customer,3351 Michelson Dr Ste 100,Irvine,CA,92612-0697,United States,#N/A,#N/A,#N/A,3351 Michelson Dr Ste 100,#N/A,#N/A,#N/A,#N/A,#N/A,#N/A,#N/A,1.714.566.1000,#N/A,#N/A,Technology,4.3025852E10,#N/A,Abilitech Software Solutions is the leader in Technology in Irvine,false,#N/A,#N/A,#N/A,#N/A,#N/A,#N/A,false,false,false,#N/A,false,false,false,false,#N/A,Never,false,true,#N/A,Contract Based,Same,No,#N/A,#N/A,#N/A,#N/A,Test,#N/A,#N/A,#N/A,false,false,false,false,false,false,false,false,false,#N/A,false,#N/A,#N/A
0fb4f72a-97f5-4c3f-99f6-250c336a8e34,Dabtype,Prospect,5678 Victory Rd,Brighton,Colorado,80020,USA,#N/A,#N/A,#N/A,#N/A,#N/A,#N/A,#N/A,#N/A,#N/A,#N/A,#N/A,#N/A,#N/A,#N/A,Machinery,#N/A,#N/A,Alexa Roberts is the leader in Machinery in Brighton,false,#N/A,#N/A,#N/A,#N/A,#N/A,#N/A,false,false,false,#N/A,false,false,false,false,#N/A,Never,false,true,#N/A,Contract Based,Same,No,#N/A,#N/A,#N/A,#N/A,Test,#N/A,#N/A,#N/A,false,false,false,false,false,false,false,false,false,#N/A,false,#N/A,#N/A
f5d55947-3702-44f3-8eab-4c88dfdba642,Vipe,Prospect,1100 Louisiana St FL 10,Houston,TX,77002-5432,United States,#N/A,#N/A,#N/A,P.O. BOX 4324,Houston,TX,77210-4324,US,#N/A,#N/A,#N/A,1.713.381.6500,#N/A,#N/A,Healthcare,2.70279E10,#N/A,Sylvia Birungi Hospital is the leader in Healthcare in Houston,false,#N/A,#N/A,#N/A,#N/A,#N/A,#N/A,false,false,false,#N/A,false,false,false,false,#N/A,Never,false,true,#N/A,Contract Based,Same,No,#N/A,#N/A,#N/A,#N/A,Test,#N/A,#N/A,#N/A,false,false,false,false,false,false,false,false,false,#N/A,false,#N/A,#N/A
4ea4dbe1-6a2e-400d-aaf6-7b16d3e4addd,Twitterwire,Customer,BC V6T 1A7,Vancouver,BC,#N/A,Canada,#N/A,#N/A,#N/A,#N/A,#N/A,#N/A,#N/A,#N/A,#N/A,#N/A,#N/A,#N/A,#N/A,#N/A,Services,5.0E7,#N/A,Spade and Archer is the leader in Services in BC,false,#N/A,#N/A,#N/A,#N/A,#N/A,#N/A,false,false,false,#N/A,false,false,false,false,#N/A,Never,false,true,#N/A,Contract Based,Same,No,#N/A,#N/A,#N/A,#N/A,Test,#N/A,#N/A,#N/A,false,false,false,false,false,false,false,false,false,#N/A,false,#N/A,#N/A
b502b5f9-e616-4de4-92d3-c0715225ebae,Meevee,Customer,2200 W Don Tyson Pkwy,Springdale,AR,72762-6901,United States,#N/A,#N/A,#N/A,P.O. BOX 2020,Springdale,AR,72765-2020,US,#N/A,#N/A,#N/A,1.479.290.4000,#N/A,#N/A,Media,4.1373E10,#N/A,Newslync is the leader in Media in Springdale,false,#N/A,#N/A,#N/A,#N/A,#N/A,#N/A,false,false,false,#N/A,false,false,false,false,#N/A,Never,false,true,#N/A,Contract Based,Same,No,#N/A,#N/A,#N/A,#N/A,Test,#N/A,#N/A,#N/A,false,false,false,false,false,false,false,false,false,#N/A,false,#N/A,#N/A
10f4e9b4-25b7-491c-baf8-f91fe338fe9b,Fliptune,Customer,8111 Westchester Dr # 600,Dallas,TX,75225-6142,United States,#N/A,#N/A,#N/A,#N/A,#N/A,#N/A,#N/A,#N/A,#N/A,#N/A,#N/A,1.214.981.0700,#N/A,#N/A,Media,3.4292E10,#N/A,Mammoth Pictures is the leader in Media in Dallas,false,#N/A,#N/A,#N/A,#N/A,#N/A,#N/A,false,false,false,#N/A,false,false,false,false,#N/A,Never,false,true,#N/A,Contract Based,Same,No,#N/A,#N/A,#N/A,#N/A,Test,#N/A,#N/A,#N/A,false,false,false,false,false,false,false,false,false,#N/A,false,#N/A,#N/A
04239a23-58bf-478e-80f3-3e3c8d8c08b9,Browsebug,Customer,600 N Dairy Ashford Rd,Houston,TX,77079-1100,United States,#N/A,#N/A,#N/A,P.O. BOX 2197,Houston,TX,77252-2197,US,#N/A,#N/A,#N/A,1.281.293.1000,#N/A,#N/A,Technology,3.0935E10,#N/A,"Optimetrics, LLC is the leader in Technology in Houston",false,#N/A,#N/A,#N/A,#N/A,#N/A,#N/A,false,false,false,#N/A,false,false,false,false,#N/A,Never,false,true,#N/A,Contract Based,Same,No,#N/A,#N/A,#N/A,#N/A,Test,#N/A,#N/A,#N/A,false,false,false,false,false,false,false,false,false,#N/A,false,#N/A,#N/A
d85202b5-5ab4-4d1d-9118-2a29fcded4c5,Aivee,Customer,Wittelsbacherplatz 2,Bavaria,Munich,80333,Germany,#N/A,#N/A,#N/A,6/10 Mount St,#N/A,#N/A,#N/A,#N/A,#N/A,#N/A,#N/A,#N/A,#N/A,#N/A,Banking,8.0231577E7,#N/A,Virtucon is the leader in Banking in Bavaria,false,#N/A,#N/A,#N/A,#N/A,#N/A,#N/A,false,false,false,#N/A,false,false,false,false,#N/A,Never,false,true,#N/A,Contract Based,Same,No,#N/A,#N/A,#N/A,#N/A,#N/A,#N/A,#N/A,#N/A,false,false,false,false,false,false,false,false,false,#N/A,false,#N/A,#N/A
f397bda6-61c8-4b50-a661-180aec6e86ad,Fiveclub,Customer,1014 Vine St Ste 1000,Cincinnati,OH,45202-1100,United States,#N/A,#N/A,#N/A,#N/A,#N/A,#N/A,#N/A,#N/A,#N/A,#N/A,#N/A,1.513.762.4000,#N/A,#N/A,Higher Education,1.0983E11,#N/A,Hagan University is the leader in Higher Education in Cincinnati,false,#N/A,#N/A,#N/A,#N/A,#N/A,#N/A,false,false,false,#N/A,false,false,false,false,#N/A,Never,false,true,#N/A,Contract Based,Same,No,#N/A,#N/A,#N/A,#N/A,#N/A,#N/A,#N/A,#N/A,false,false,false,false,false,false,false,false,false,#N/A,false,#N/A,#N/A
7e0cf815-fe66-4847-a9e2-d8aa46f5751e,Oyonder,Prospect,08697 Ryan Junction,Cincinnati,OH,45271,United States,#N/A,#N/A,#N/A,#N/A,#N/A,#N/A,#N/A,#N/A,#N/A,#N/A,#N/A,#N/A,#N/A,#N/A,Construction,2.0845725E7,#N/A,#N/A,false,#N/A,#N/A,#N/A,#N/A,#N/A,#N/A,false,false,false,#N/A,false,false,false,false,#N/A,Never,false,true,#N/A,Contract Based,Same,No,#N/A,#N/A,#N/A,#N/A,Test,#N/A,#N/A,#N/A,false,false,false,false,false,false,false,false,false,#N/A,false,#N/A,#N/A
906989b6-d4e8-4482-b2df-7066a0403f99,Yakitri,Customer,1483 Alaskan Way,Seattle,WA,#N/A,USA,#N/A,#N/A,#N/A,#N/A,#N/A,#N/A,#N/A,#N/A,#N/A,#N/A,#N/A,(555) 561-5555,#N/A,#N/A,Healthcare,7.58251458E8,#N/A,Susannah St-Germain Hospital is the leader in Healthcare in Seattle,false,#N/A,#N/A,#N/A,#N/A,#N/A,#N/A,false,false,false,#N/A,false,false,false,false,#N/A,Never,false,true,#N/A,Contract Based,Same,No,#N/A,#N/A,#N/A,#N/A,Test,#N/A,#N/A,#N/A,false,false,false,false,false,false,false,false,false,#N/A,false,#N/A,#N/A
8935e75f-d5c0-4863-ab47-e2a17be1cb9d,Kimia,Customer,2/11 Boyle St,Balgowlah,NSW,2093,Australia,#N/A,#N/A,#N/A,2/11 Boyle St,Balgowlah,NSW,2093,Australia,#N/A,#N/A,#N/A,(02) 6512 8801,#N/A,#N/A,Transportation,4.9892102E7,#N/A,Smith and Co. is the leader in Transportation in Balgowlah,false,#N/A,#N/A,#N/A,#N/A,#N/A,#N/A,false,false,false,#N/A,false,false,false,false,#N/A,Never,false,true,#N/A,Contract Based,Same,No,#N/A,#N/A,#N/A,#N/A,#N/A,#N/A,#N/A,#N/A,false,false,false,false,false,false,false,false,false,#N/A,false,#N/A,#N/A
0877a566-c2a3-4c82-9bc2-9d651a1a7452,Oozz,Customer,170 W Tasman Dr,San Jose,CA,95134-1706,United States,#N/A,#N/A,#N/A,#N/A,#N/A,#N/A,#N/A,#N/A,#N/A,#N/A,#N/A,1.408.526.4000,#N/A,#N/A,Higher Education,4.9161E10,#N/A,Franklin Research College is the leader in Higher Education in San Jose,false,#N/A,#N/A,#N/A,#N/A,#N/A,#N/A,false,false,false,#N/A,false,false,false,false,#N/A,Never,false,true,#N/A,Contract Based,Same,No,#N/A,#N/A,#N/A,#N/A,Test,#N/A,#N/A,#N/A,false,false,false,false,false,false,false,false,false,#N/A,false,#N/A,#N/A
71380217-6fe7-4fae-bf50-646258373013,Buzzbean,Prospect,200 West St Bldg 200,New York,NY,10282-2198,United States,#N/A,#N/A,#N/A,#N/A,#N/A,#N/A,#N/A,#N/A,#N/A,#N/A,#N/A,1.212.902.1000,#N/A,#N/A,Energy,3.9208E10,#N/A,"Voltronics, Inc. is the leader in Energy in New York",false,#N/A,#N/A,#N/A,#N/A,#N/A,#N/A,false,false,false,#N/A,false,false,false,false,#N/A,Never,false,true,#N/A,Contract Based,Same,No,#N/A,#N/A,#N/A,#N/A,Test,#N/A,#N/A,#N/A,false,false,false,false,false,false,false,false,false,#N/A,false,#N/A,#N/A
7f2551b2-699d-48db-8080-6acc33b78454,Bluejam,Customer,348 St Kilda Road,Melbourne,VIC,3004,Australia,#N/A,#N/A,#N/A,348 St Kilda Road,Melbourne,VIC,3004,Australia,#N/A,#N/A,#N/A,(03) 7876 8876,#N/A,#N/A,Food & Beverage,5.73645303E8,#N/A,Globex Corporation is the leader in Food & Beverage in Melbourne,false,#N/A,#N/A,#N/A,#N/A,#N/A,#N/A,false,false,false,#N/A,false,false,false,false,#N/A,Never,false,true,#N/A,Contract Based,Same,No,#N/A,#N/A,#N/A,#N/A,#N/A,#N/A,#N/A,#N/A,false,false,false,false,false,false,false,false,false,#N/A,false,#N/A,#N/A
cbb55378-658e-4ee2-8e76-62f36dad0d26,Edgeclub,Customer,2455 Paces Ferry Rd SE,Atlanta,GA,30339-1834,United States,#N/A,#N/A,#N/A,P.O. BOX 105715,Atlanta,GA,30348-5715,US,#N/A,#N/A,#N/A,1.770.433.8211,#N/A,#N/A,Services,8.8519E10,#N/A,"Cashless Systems, Inc. is the leader in Services in Atlanta",false,#N/A,#N/A,#N/A,#N/A,#N/A,#N/A,false,false,false,#N/A,false,false,false,false,#N/A,Never,false,true,#N/A,Contract Based,Same,No,#N/A,#N/A,#N/A,#N/A,Test,#N/A,#N/A,#N/A,false,false,false,false,false,false,false,false,false,#N/A,false,#N/A,#N/A
a5aa7c75-f06d-4c5c-b618-b35262ec8121,Skyvu,Prospect,250 E Parkcenter Blvd,Boise,ID,83706-3999,United States,#N/A,#N/A,#N/A,#N/A,#N/A,#N/A,#N/A,#N/A,#N/A,#N/A,#N/A,1.208.395.6200,#N/A,#N/A,Communications,5.6771552999E10,#N/A,Spruik Communications is the leader in Communications in Boise,false,#N/A,#N/A,#N/A,#N/A,#N/A,#N/A,false,false,false,#N/A,false,false,false,false,#N/A,Never,false,true,#N/A,Contract Based,Same,No,#N/A,#N/A,#N/A,#N/A,#N/A,#N/A,#N/A,#N/A,false,false,false,false,false,false,false,false,false,#N/A,false,#N/A,#N/A
3801daa2-f959-4117-92ae-3ed302377bdf,Trudoo,Customer,66 Beckenham St,Canley Vale,NSW,2166,Australia,#N/A,#N/A,#N/A,66 Beckenham St,Canley Vale,NSW,2166,Australia,#N/A,#N/A,#N/A,(02) 6548 7709,#N/A,#N/A,Consulting,1.78663741E8,#N/A,Mr. Sparkle is the leader in Consulting in Canley Vale,false,#N/A,#N/A,#N/A,#N/A,#N/A,#N/A,false,false,false,#N/A,false,false,false,false,#N/A,Never,false,true,#N/A,Contract Based,Same,No,#N/A,#N/A,#N/A,#N/A,Test,#N/A,#N/A,#N/A,false,false,false,false,false,false,false,false,false,#N/A,false,#N/A,#N/A
a1d22532-27d5-4c5d-9dd8-ffbddc328fbd,Browsedrive,Customer,1-7-1 Konan Minato-ku,Tokyo,#N/A,#N/A,Japan,#N/A,#N/A,#N/A,4 Riverside Rd,#N/A,#N/A,#N/A,#N/A,#N/A,#N/A,#N/A,#N/A,#N/A,#N/A,Telecommunications,7.76395463E8,#N/A,Wernham Hogg is the leader in Telecommunications,false,#N/A,#N/A,#N/A,#N/A,#N/A,#N/A,false,false,false,#N/A,false,false,false,false,#N/A,Never,false,true,#N/A,Contract Based,Same,No,#N/A,#N/A,#N/A,#N/A,Test,#N/A,#N/A,#N/A,false,false,false,false,false,false,false,false,false,#N/A,false,#N/A,#N/A
3caa8188-678e-41d3-957a-7390d5dac12d,Quimm,Customer,900 Cottage Grove Rd,Bloomfield,CT,06002-2920,United States,#N/A,#N/A,#N/A,#N/A,#N/A,#N/A,#N/A,#N/A,#N/A,#N/A,#N/A,1.860.226.6000,#N/A,#N/A,Media,3.7876E10,#N/A,Trek Broadcasting is the leader in Media in Bloomfield,false,#N/A,#N/A,#N/A,#N/A,#N/A,#N/A,false,false,false,#N/A,false,false,false,false,#N/A,Never,false,true,#N/A,Contract Based,Same,No,#N/A,#N/A,#N/A,#N/A,Test,#N/A,#N/A,#N/A,false,false,false,false,false,false,false,false,false,#N/A,false,#N/A,#N/A
218bf119-ad62-4668-8e73-b3c500f5bb13,Ooba,Customer,50 Kerra Way,Docklands,VIC,3008,Australia,#N/A,#N/A,#N/A,50 Kerra Way,Docklands,VIC,3008,Australia,#N/A,#N/A,#N/A,(03) 6257 7887,#N/A,#N/A,Media,4.33338781E8,#N/A,Gizmonic Institute is the leader in Media in Docklands,false,#N/A,#N/A,#N/A,#N/A,#N/A,#N/A,false,false,false,#N/A,false,false,false,false,#N/A,Never,false,true,#N/A,Contract Based,Same,No,#N/A,#N/A,#N/A,#N/A,#N/A,#N/A,#N/A,#N/A,false,false,false,false,false,false,false,false,false,#N/A,false,#N/A,#N/A
755bc092-0d33-4c7b-be65-7dc9ec458766,Aibox,Customer,23 Lundy Av,Kingsgrove,NSW,1480,Australia,#N/A,#N/A,#N/A,23 Lundy Av,Kingsgrove,NSW,1480,Australia,#N/A,#N/A,#N/A,(02) 6082 8265,#N/A,#N/A,Technology,2.21928169E8,#N/A,Spacely Sprockets is the leader in Technology in Kingsgrove,false,#N/A,#N/A,#N/A,#N/A,#N/A,#N/A,false,false,false,#N/A,false,false,false,false,#N/A,Never,false,true,#N/A,Contract Based,Same,No,#N/A,#N/A,#N/A,#N/A,#N/A,#N/A,#N/A,#N/A,false,false,false,false,false,false,false,false,false,#N/A,false,#N/A,#N/A
f1ff082b-686f-44b4-a60c-115fc5acb3c3,Shuffletag,Customer,1 Post St FL 18,San Francisco,CA,94104-5284,United States,#N/A,#N/A,#N/A,3003 E 3rd Ave #201,#N/A,#N/A,#N/A,#N/A,#N/A,#N/A,#N/A,1.415.983.8300,#N/A,#N/A,Non Profit,1.90884E11,#N/A,Save the Wild is the leader in Non Profit in San Francisco,false,#N/A,#N/A,#N/A,#N/A,#N/A,#N/A,false,false,false,#N/A,false,false,false,false,#N/A,Never,false,true,#N/A,Contract Based,Same,No,#N/A,#N/A,#N/A,#N/A,Test,#N/A,#N/A,#N/A,false,false,false,false,false,false,false,false,false,#N/A,false,#N/A,#N/A
18973a35-a6a4-4677-80bd-9e68134f50b6,Centimia,Customer,10 Farm Springs Rd,Farmington,CT,06032-2577,United States,#N/A,#N/A,#N/A,#N/A,#N/A,#N/A,#N/A,#N/A,#N/A,#N/A,#N/A,1.860.728.7000,#N/A,#N/A,Transportation,5.6098E10,#N/A,Tungsten Security Services is the leader in Transportation in Farmington,false,#N/A,#N/A,#N/A,#N/A,#N/A,#N/A,false,false,false,#N/A,false,false,false,false,#N/A,Never,false,true,#N/A,Contract Based,Same,No,#N/A,#N/A,#N/A,#N/A,Test,#N/A,#N/A,#N/A,false,false,false,false,false,false,false,false,false,#N/A,false,#N/A,#N/A
943e4f51-4cb0-4e29-8f1f-9b9f59de220f,Thoughtstorm,Customer,3 Myra St,Wahroonga,NSW,2076,Australia,#N/A,#N/A,#N/A,3 Myra St,Wahroonga,NSW,2076,Australia,#N/A,#N/A,#N/A,(02) 7820 8765,#N/A,#N/A,Technology,3.45972597E8,#N/A,Nordyne Defense Dynamics is the leader in Technology in Wahroonga,false,#N/A,#N/A,#N/A,#N/A,#N/A,#N/A,false,false,false,#N/A,false,false,false,false,#N/A,Never,false,true,#N/A,Contract Based,Same,No,#N/A,#N/A,#N/A,#N/A,Test,#N/A,#N/A,#N/A,false,false,false,false,false,false,false,false,false,#N/A,false,#N/A,#N/A
af5306f0-383e-4977-b4f7-fee0efaa1be6,Omba,Customer,5/19-21 Shields St,Redcliffe,QLD,4020,Australia,#N/A,#N/A,#N/A,5/19-21 Shields St,Redcliffe,QLD,4020,Australia,#N/A,#N/A,#N/A,(07) 7859 6584,#N/A,#N/A,Healthcare,2.38658603E8,#N/A,Matt Stecklein Hospital is the leader in Healthcare in Redcliffe,false,#N/A,#N/A,#N/A,#N/A,#N/A,#N/A,false,false,false,#N/A,false,false,false,false,#N/A,Never,false,true,#N/A,Contract Based,Same,No,#N/A,#N/A,#N/A,#N/A,#N/A,#N/A,#N/A,#N/A,false,false,false,false,false,false,false,false,false,#N/A,false,#N/A,#N/A
2787b426-2ab0-40ed-9bba-054e67a11c0e,Photobug,Prospect,2 Graceland Street,Bloomington,IN,47405,United States,#N/A,#N/A,#N/A,#N/A,#N/A,#N/A,#N/A,#N/A,#N/A,#N/A,#N/A,#N/A,#N/A,#N/A,Manufacturing,3645701.0,#N/A,#N/A,false,#N/A,#N/A,#N/A,#N/A,#N/A,#N/A,false,false,false,#N/A,false,false,false,false,#N/A,Never,false,true,#N/A,Contract Based,Same,No,#N/A,#N/A,#N/A,#N/A,Test,#N/A,#N/A,#N/A,false,false,false,false,false,false,false,false,false,#N/A,false,#N/A,#N/A
a22f6220-0a78-4bff-b0cb-9448f7a8db05,Thoughtworks,Customer,19 Airlie Cr,Cecil Hills,NSW,2171,Australia,#N/A,#N/A,#N/A,19 Airlie Cr,Cecil Hills,NSW,2171,Australia,#N/A,#N/A,#N/A,(02) 8210 6814,#N/A,#N/A,Healthcare,2.35005519E8,#N/A,NC North is the leader in Healthcare in Cecil Hills,false,#N/A,#N/A,#N/A,#N/A,#N/A,#N/A,false,false,false,#N/A,false,false,false,false,#N/A,Never,false,true,#N/A,Contract Based,Same,No,#N/A,#N/A,#N/A,#N/A,Test,#N/A,#N/A,#N/A,false,false,false,false,false,false,false,false,false,#N/A,false,#N/A,#N/A
52d6cf70-551d-41b4-84e8-9d84ee63d1be,Skaboo,Customer,70173,Baden-Württemberg,Stuttgart,#N/A,Germany,#N/A,#N/A,#N/A,#N/A,#N/A,#N/A,#N/A,#N/A,#N/A,#N/A,#N/A,#N/A,#N/A,#N/A,Healthcare,2.55815146E8,#N/A,St Francis West Side is the leader in Healthcare in Baden-Württemberg,false,#N/A,#N/A,#N/A,#N/A,#N/A,#N/A,false,false,false,#N/A,false,false,false,false,#N/A,Never,false,true,#N/A,Contract Based,Same,No,#N/A,#N/A,#N/A,#N/A,Test,#N/A,#N/A,#N/A,false,false,false,false,false,false,false,false,false,#N/A,false,#N/A,#N/A
957b9bf5-b619-466b-8fce-d7fc114ab3b0,Yakidoo,Customer,75010,Paris,#N/A,#N/A,France,#N/A,#N/A,#N/A,#N/A,#N/A,#N/A,#N/A,#N/A,#N/A,#N/A,#N/A,#N/A,#N/A,#N/A,Healthcare,4.528576E8,#N/A,Trevor Ferrin Hospital is the leader in Healthcare,false,#N/A,#N/A,#N/A,#N/A,#N/A,#N/A,false,false,false,#N/A,false,false,false,false,#N/A,Never,false,true,#N/A,Contract Based,Same,No,#N/A,#N/A,#N/A,#N/A,#N/A,#N/A,#N/A,#N/A,false,false,false,false,false,false,false,false,false,#N/A,false,#N/A,#N/A
fa522d04-105c-4ae1-8e04-b716a1e04e7e,Topicstorm,Customer,1701 JFK Blvd,Philadelphia,PA,19103-2838,United States,#N/A,#N/A,#N/A,#N/A,#N/A,#N/A,#N/A,#N/A,#N/A,#N/A,#N/A,1.215.286.1700,#N/A,#N/A,Technology,7.451E10,#N/A,Initech is the leader in Technology in Philadelphia,false,#N/A,#N/A,#N/A,#N/A,#N/A,#N/A,false,false,false,#N/A,false,false,false,false,#N/A,Never,false,true,#N/A,Contract Based,Same,No,#N/A,#N/A,#N/A,#N/A,Test,#N/A,#N/A,#N/A,false,false,false,false,false,false,false,false,false,#N/A,false,#N/A,#N/A
8035157a-f978-48f6-8c61-ef31542d6807,Jabbertype,Prospect,71 Miller Hill,Indianapolis,IN,46202,United States,#N/A,#N/A,#N/A,#N/A,#N/A,#N/A,#N/A,#N/A,#N/A,#N/A,#N/A,#N/A,#N/A,#N/A,Utilities,1222212.0,#N/A,#N/A,false,#N/A,#N/A,#N/A,#N/A,#N/A,#N/A,false,false,false,#N/A,false,false,false,false,#N/A,Never,false,true,#N/A,Contract Based,Same,No,#N/A,#N/A,#N/A,#N/A,#N/A,#N/A,#N/A,#N/A,false,false,false,false,false,false,false,false,false,#N/A,false,#N/A,#N/A
d8278d26-4a4a-4dc6-8a34-9d99b5469581,Realbridge,Prospect,50 Loch Av,Ballarat Central,VIC,3350,Australia,#N/A,#N/A,#N/A,50 Loch Av,Ballarat Central,VIC,3350,Australia,#N/A,#N/A,#N/A,(03) 8300 7460,#N/A,#N/A,Manufacturing,2.89485471E8,#N/A,Incom Corporation is the leader in Manufacturing in Ballarat Central,false,#N/A,#N/A,#N/A,#N/A,#N/A,#N/A,false,false,false,#N/A,false,false,false,false,#N/A,Never,false,true,#N/A,Contract Based,Same,No,#N/A,#N/A,#N/A,#N/A,Test,#N/A,#N/A,#N/A,false,false,false,false,false,false,false,false,false,#N/A,false,#N/A,#N/A
233af7a8-6b11-434f-854a-41cc85b4c5e7,Kwideo,Customer,390 Harris Street,Sydney,NSW,2007,Australia,#N/A,#N/A,#N/A,390 Harris Street,Sydney,NSW,2007,Australia,#N/A,#N/A,#N/A,(02) 7948 6474,#N/A,#N/A,Energy,6.39903177E8,#N/A,Petrox Oil Company is the leader in Energy in Sydney,false,#N/A,#N/A,#N/A,#N/A,#N/A,#N/A,false,false,false,#N/A,false,false,false,false,#N/A,Never,false,true,#N/A,Contract Based,Same,No,#N/A,#N/A,#N/A,#N/A,#N/A,#N/A,#N/A,#N/A,false,false,false,false,false,false,false,false,false,#N/A,false,#N/A,#N/A
34358351-a3dd-4cbf-b704-5592c334f51a,Oodoo,Customer,1501 Page Mill Rd,Palo Alto,CA,94304-1126,United States,#N/A,#N/A,#N/A,P.O. BOX 10301,Palo Alto,CA,94303-0890,US,#N/A,#N/A,#N/A,1.650.857.1501,#N/A,#N/A,Automotive,1.03355E11,#N/A,Kumatsu Motors is the leader in Automotive in Palo Alto,false,#N/A,#N/A,#N/A,#N/A,#N/A,#N/A,false,false,false,#N/A,false,false,false,false,#N/A,Never,false,true,#N/A,Contract Based,Same,No,#N/A,#N/A,#N/A,#N/A,Test,#N/A,#N/A,#N/A,false,false,false,false,false,false,false,false,false,#N/A,false,#N/A,#N/A
0ac1f6e6-8143-4f40-989f-f1a8e10f8c42,Vitz,Customer,3135 Easton Tpke,Fairfield,CT,06828-0001,United States,#N/A,#N/A,#N/A,#N/A,#N/A,#N/A,#N/A,#N/A,#N/A,#N/A,#N/A,1.203.373.2211,#N/A,#N/A,Technology,1.17386E11,#N/A,"Signal Processing, LLC is the leader in Technology in Fairfield",false,#N/A,#N/A,#N/A,#N/A,#N/A,#N/A,false,false,false,#N/A,false,false,false,false,#N/A,Never,false,true,#N/A,Contract Based,Same,No,#N/A,#N/A,#N/A,#N/A,#N/A,#N/A,#N/A,#N/A,false,false,false,false,false,false,false,false,false,#N/A,false,#N/A,#N/A
c91c50b4-db69-485d-bd15-dffd96652dab,Brightdog,Customer,3010 Briarpark Dr,Houston,TX,77042-3706,United States,#N/A,#N/A,#N/A,P.O. BOX 4428,Houston,TX,77210-4428,US,#N/A,#N/A,#N/A,1.281.293.6600,#N/A,#N/A,Hospitality,1.00949E11,#N/A,Your Lesiure Microtels is the leader in Hospitality in Houston,false,#N/A,#N/A,#N/A,#N/A,#N/A,#N/A,false,false,false,#N/A,false,false,false,false,#N/A,Never,false,true,#N/A,Contract Based,Same,No,#N/A,#N/A,#N/A,#N/A,#N/A,#N/A,#N/A,#N/A,false,false,false,false,false,false,false,false,false,#N/A,false,#N/A,#N/A
6dec60b7-7f75-40a5-b0bb-8e608fb05891,Lazzy,Customer,28 Besline St,Kuraby,QLD,4112,Australia,#N/A,#N/A,#N/A,28 Besline St,Kuraby,QLD,4112,Australia,#N/A,#N/A,#N/A,(07) 6674 6703,#N/A,#N/A,Manufacturing,9.37328603E8,#N/A,Leeding Engines Ltd. is the leader in Manufacturing in Kuraby,false,#N/A,#N/A,#N/A,#N/A,#N/A,#N/A,false,false,false,#N/A,false,false,false,false,#N/A,Never,false,true,#N/A,Contract Based,Same,No,#N/A,#N/A,#N/A,#N/A,Test,#N/A,#N/A,#N/A,false,false,false,false,false,false,false,false,false,#N/A,false,#N/A,#N/A
2cba0e46-0694-4509-a74f-7d434086b2ad,Myworks,Customer,333 Clay St Ste 1600,Houston,TX,77002-4101,United States,#N/A,#N/A,#N/A,#N/A,#N/A,#N/A,#N/A,#N/A,#N/A,#N/A,#N/A,1.713.646.4100,#N/A,#N/A,Engineering,2.3152E10,#N/A,Wentworth Industries is the leader in Engineering in Houston,false,#N/A,#N/A,#N/A,#N/A,#N/A,#N/A,false,false,false,#N/A,false,false,false,false,#N/A,Never,false,true,#N/A,Contract Based,Same,No,#N/A,#N/A,#N/A,#N/A,#N/A,#N/A,#N/A,#N/A,false,false,false,false,false,false,false,false,false,#N/A,false,#N/A,#N/A
acf7b700-0197-4156-ae58-17f6b388d3de,Wikizz,Customer,120 Park Ave FL 6,New York,NY,10017-5592,United States,#N/A,#N/A,#N/A,#N/A,#N/A,#N/A,#N/A,#N/A,#N/A,#N/A,#N/A,1.917.663.2000,#N/A,#N/A,Higher Education,7.3908E10,#N/A,Leza College of Engineering is the leader in Higher Education in New York,false,#N/A,#N/A,#N/A,#N/A,#N/A,#N/A,false,false,false,#N/A,false,false,false,false,#N/A,Never,false,true,#N/A,Contract Based,Same,No,#N/A,#N/A,#N/A,#N/A,Test,#N/A,#N/A,#N/A,false,false,false,false,false,false,false,false,false,#N/A,false,#N/A,#N/A
f3f54a84-6f83-4a94-bce8-066375fb1e50,Flipbug,Prospect,"1006, Oaza Kadoma",Osaka,#N/A,#N/A,Japan,#N/A,#N/A,#N/A,#N/A,#N/A,#N/A,#N/A,#N/A,#N/A,#N/A,#N/A,#N/A,#N/A,#N/A,Healthcare,7.41215097E8,#N/A,TSM South is the leader in Healthcare,false,#N/A,#N/A,#N/A,#N/A,#N/A,#N/A,false,false,false,#N/A,false,false,false,false,#N/A,Never,false,true,#N/A,Contract Based,Same,No,#N/A,#N/A,#N/A,#N/A,Test,#N/A,#N/A,#N/A,false,false,false,false,false,false,false,false,false,#N/A,false,#N/A,#N/A
75d0e60f-b11c-476f-89e3-bcd2c10821fa,Viva,Customer,34 Frasers Rd,Mitchelton,QLD,4053,Australia,#N/A,#N/A,#N/A,34 Frasers Rd,Mitchelton,QLD,4053,Australia,#N/A,#N/A,#N/A,(07) 8057 8902,#N/A,#N/A,Healthcare,8.4202995E8,#N/A,Christian Lavendar Hospital is the leader in Healthcare in Mitchelton,false,#N/A,#N/A,#N/A,#N/A,#N/A,#N/A,false,false,false,#N/A,false,false,false,false,#N/A,Never,false,true,#N/A,Contract Based,Same,No,#N/A,#N/A,#N/A,#N/A,Test,#N/A,#N/A,#N/A,false,false,false,false,false,false,false,false,false,#N/A,false,#N/A,#N/A
6e9e4e46-cfe6-4cc2-9674-2214593afeaa,Roomm,Prospect,151 Farmington Ave,Hartford,CT,06156-0001,United States,#N/A,#N/A,#N/A,#N/A,#N/A,#N/A,#N/A,#N/A,#N/A,#N/A,#N/A,1.860.273.0123,#N/A,#N/A,Energy,6.03365E10,#N/A,Initrode is the leader in Energy in Hartford,false,#N/A,#N/A,#N/A,#N/A,#N/A,#N/A,false,false,false,#N/A,false,false,false,false,#N/A,Never,false,true,#N/A,Contract Based,Same,No,#N/A,#N/A,#N/A,#N/A,Test,#N/A,#N/A,#N/A,false,false,false,false,false,false,false,false,false,#N/A,false,#N/A,#N/A
24b3318e-aa5b-43a6-8aa3-e2640b7751ed,Voolith,Customer,500 S Buena Vista St,Burbank,CA,91521-0007,United States,#N/A,#N/A,#N/A,#N/A,#N/A,#N/A,#N/A,#N/A,#N/A,#N/A,#N/A,1.818.560.1000,#N/A,#N/A,Higher Education,5.2465E10,#N/A,Larsco College is the leader in Higher Education in Burbank,false,#N/A,#N/A,#N/A,#N/A,#N/A,#N/A,false,false,false,#N/A,false,false,false,false,#N/A,Never,false,true,#N/A,Contract Based,Same,No,#N/A,#N/A,#N/A,#N/A,#N/A,#N/A,#N/A,#N/A,false,false,false,false,false,false,false,false,false,#N/A,false,#N/A,#N/A
d1e7fe16-afbf-4b21-881a-79c9518bfc60,Gigaclub,Customer,57 Clifton Dr,Bacchus Marsh,VIC,3340,Australia,#N/A,#N/A,#N/A,57 Clifton Dr,Bacchus Marsh,VIC,3340,Australia,#N/A,#N/A,#N/A,(03) 6472 8807,#N/A,#N/A,Healthcare,4.93945873E8,#N/A,PK South is the leader in Healthcare in Bacchus Marsh,false,#N/A,#N/A,#N/A,#N/A,#N/A,#N/A,false,false,false,#N/A,false,false,false,false,#N/A,Never,false,true,#N/A,Contract Based,Same,No,#N/A,#N/A,#N/A,#N/A,Test,#N/A,#N/A,#N/A,false,false,false,false,false,false,false,false,false,#N/A,false,#N/A,#N/A
d743336f-4ead-4ddb-986c-8c3629e0e8a0,Podcat,Prospect,356 Ocean View Rd,Ettalong Beach,NSW,2257,Australia,#N/A,#N/A,#N/A,356 Ocean View Rd,Ettalong Beach,NSW,2257,Australia,#N/A,#N/A,#N/A,(02) 7575 8703,#N/A,#N/A,Retail,6.52105621E8,#N/A,Mainway Toys is the leader in Retail in Ettalong Beach,false,#N/A,#N/A,#N/A,#N/A,#N/A,#N/A,false,false,false,#N/A,false,false,false,false,#N/A,Never,false,true,#N/A,Contract Based,Same,No,#N/A,#N/A,#N/A,#N/A,#N/A,#N/A,#N/A,#N/A,false,false,false,false,false,false,false,false,false,#N/A,false,#N/A,#N/A
d221d4bb-3efe-4d72-bf12-0751eb4a9296,Jaxworks,Customer,60 Columbus Cir FL 17,New York,NY,10023-5860,United States,#N/A,#N/A,#N/A,6/10 Mount St,#N/A,#N/A,#N/A,#N/A,#N/A,#N/A,#N/A,1.212.364.8200,#N/A,#N/A,Finance,2.3697E10,#N/A,Thrift Bank is the leader in Finance in New York,false,#N/A,#N/A,#N/A,#N/A,#N/A,#N/A,false,false,false,#N/A,false,false,false,false,#N/A,Never,false,true,#N/A,Contract Based,Same,No,#N/A,#N/A,#N/A,#N/A,Test,#N/A,#N/A,#N/A,false,false,false,false,false,false,false,false,false,#N/A,false,#N/A,#N/A
961b9f89-59dc-4218-a555-f62a832bad7f,Kayveo,Customer,29 Noalimba Cr,Bateman,WA,6150,Australia,#N/A,#N/A,#N/A,29 Noalimba Cr,Bateman,WA,6150,Australia,#N/A,#N/A,#N/A,(08) 7367 7550,#N/A,#N/A,Energy,3.02983857E8,#N/A,North Central Positronics is the leader in Energy in Bateman,false,#N/A,#N/A,#N/A,#N/A,#N/A,#N/A,false,false,false,#N/A,false,false,false,false,#N/A,Never,false,true,#N/A,Contract Based,Same,No,#N/A,#N/A,#N/A,#N/A,#N/A,#N/A,#N/A,#N/A,false,false,false,false,false,false,false,false,false,#N/A,false,#N/A,#N/A
f75098c9-db79-4f45-99e2-50176baf6daf,Flashset,Prospect,4 Weeping Birch Crossing,Carson City,NV,89714,United States,#N/A,#N/A,#N/A,#N/A,#N/A,#N/A,#N/A,#N/A,#N/A,#N/A,#N/A,#N/A,#N/A,#N/A,Consulting,9488745.0,#N/A,#N/A,false,#N/A,#N/A,#N/A,#N/A,#N/A,#N/A,false,false,false,#N/A,false,false,false,false,#N/A,Never,false,true,#N/A,Contract Based,Same,No,#N/A,#N/A,#N/A,#N/A,Test,#N/A,#N/A,#N/A,false,false,false,false,false,false,false,false,false,#N/A,false,#N/A,#N/A
