Guid,Name,SBQQ__Rule__c,SBQQ__Field__c,SBQQ__Formula__c,SBQQ__Order__c,SBQQ__ParentRuleIsActive__c,SBQQ__RuleLookupObject__c,SBQQ__RuleTargetsCalculator__c,SBQQ__SourceLookupField__c,SBQQ__SourceVariable__c,SBQQ__TargetObject__c,SBQQ__ValueField__c,SBQQ__Value__c
daa735fa-4660-45a4-bf8f-ce556f24656e,#N/A,d8f35116-9536-4ddb-a83b-c80f47683714,SBQQ__Quantity__c,SBQQ__ProductOption__r.Protected_Devices__c,1.0,#N/A,#N/A,#N/A,#N/A,#N/A,Product Option,#N/A,#N/A
3e2c7ab9-0e73-46af-b966-d05aae3c81c2,#N/A,517ad32a-a4ba-422b-a0ef-3ddb2547fd77,SBQQ__Quantity__c,SBQQ__ProductOption__r.Protected_Devices__c,1.0,#N/A,#N/A,#N/A,#N/A,#N/A,Product Option,#N/A,#N/A
f5fcd3bc-7c5e-4412-ba42-dadd1ddf11af,#N/A,11c71422-b7a1-4f0d-9552-9cfa1422c882,Discretionary_Discount_Percent__c,"100.0 * if( SBQQ__RegularPrice__c =0, 0, ( SBQQ__NetPrice__c -SBQQ__RegularPrice__c)/(-1.0 * SBQQ__RegularPrice__c))",1.0,#N/A,#N/A,#N/A,#N/A,#N/A,Quote Line,#N/A,#N/A
3b6de25a-e4a8-45f3-8f11-0dfaab43fe3c,#N/A,d6f06237-06d6-41b6-8e74-56831796435b,Discount (%),#N/A,#N/A,#N/A,#N/A,#N/A,#N/A,#N/A,Quote Line,#N/A,45
11b5d6ca-ef1c-407b-a96e-0aa3f3483c72,#N/A,7236d4c1-763b-4e69-9c81-c604c926b9c4,Discount (%),#N/A,#N/A,#N/A,#N/A,#N/A,#N/A,#N/A,Quote Line,#N/A,45
1ec4b27a-82f6-4d06-b871-46b09333feaa,#N/A,2c0708db-2471-4881-9ac7-fee6703f1ffb,SBQQ__TaxCode__c,"IF( SBQQ__Quote__r.Calculate_Tax__c = True && SBQQ__Quote__r.SBQQ__BillingCountry__c = ""United States"", ""A234"", 
IF( SBQQ__Quote__r.Calculate_Tax__c = True && SBQQ__Quote__r.SBQQ__BillingCountry__c = ""United Kingdom"", ""B567"", 
""A000""))",#N/A,#N/A,#N/A,#N/A,#N/A,#N/A,Quote Line,#N/A,#N/A
1642e871-0525-4b13-834d-5f4a19158db4,#N/A,dc18dc25-81f0-4dca-8f36-476af09887e2,Discretionary_Discount_Decimal__c,"if( SBQQ__RegularPrice__c =0, 0, ( SBQQ__NetPrice__c -SBQQ__RegularPrice__c)/(-1.0 * SBQQ__RegularPrice__c))",2.0,#N/A,#N/A,#N/A,#N/A,#N/A,Quote Line,#N/A,#N/A
6ec8c125-2666-4a2b-8b64-b4471dcaaff2,#N/A,e0d5bca6-03da-49be-a1a6-66a9f6cd7409,Discount (%),#N/A,#N/A,#N/A,#N/A,#N/A,#N/A,#N/A,Quote Line,#N/A,20
383a03e3-923d-446d-96fa-30f098312c7d,#N/A,4b960207-1fb6-4f91-b578-d2d6aa6e5bd7,SBQQ__Quantity__c,Protected_Devices__c,1.0,#N/A,#N/A,#N/A,#N/A,#N/A,Quote Line,#N/A,#N/A
17e1a543-2668-453f-aeb6-dc2970bcbedb,#N/A,c64db460-5b31-45c1-949e-9ad5ca08ba8a,Unit Price,#N/A,#N/A,#N/A,#N/A,#N/A,#N/A,#N/A,Product Option,#N/A,123
b52badaa-12a3-47e1-9fe0-e358a2b5366f,#N/A,339cfaee-c25d-41e2-9be4-38cdc9c765d4,SBQQ__RenewalUpliftRate__c,#N/A,#N/A,#N/A,#N/A,#N/A,#N/A,#N/A,Quote,#N/A,5
78c9e662-72df-4d17-bc31-16e5f09aa094,#N/A,be1394c8-62c4-4915-9fc7-46839cbbaeaf,Discretionary_Discount_Percent__c,"100.0 * if( SBQQ__RegularPrice__c =0, 0, ( SBQQ__NetPrice__c -SBQQ__RegularPrice__c)/(-1.0 * SBQQ__RegularPrice__c))",1.0,#N/A,#N/A,#N/A,#N/A,#N/A,Quote Line,#N/A,#N/A
351f6cc4-ac31-4e28-9a79-36946c9a394b,#N/A,1718636a-8496-4cca-acfc-76ea5c8aa175,Discretionary_Discount_Decimal__c,"if( SBQQ__RegularPrice__c =0, 0, ( SBQQ__NetPrice__c -SBQQ__RegularPrice__c)/(-1.0 * SBQQ__RegularPrice__c))",#N/A,#N/A,#N/A,#N/A,#N/A,#N/A,Quote Line,#N/A,#N/A
e01536f6-4221-4724-9595-3c55858516c6,#N/A,70a96d75-7faf-4998-aa90-f30e878e94d7,Discount (%),#N/A,#N/A,#N/A,#N/A,#N/A,#N/A,#N/A,Quote Line,#N/A,45
fa6aeb7c-3683-4435-864f-fe3c9d633fac,#N/A,b0aca21a-c876-4cd2-a99b-f8bbf62819bb,Discount (Amt),#N/A,#N/A,#N/A,#N/A,#N/A,#N/A,#N/A,Quote Line,#N/A,10
c335d655-71d3-4c00-8dce-7d4b3a53242a,#N/A,c843c80e-2487-4db3-99a0-61fdddc05705,Billing_Approval_Level__c,"IF((TEXT(SBQQ__BillingFrequency__c)  <>  TEXT(SBQQ__Product__r.SBQQ__BillingFrequency__c)) ||
(TEXT(SBQQ__BillingType__c) <> TEXT(SBQQ__Product__r.SBQQ__BillingType__c)), 1, 0)",1.0,#N/A,#N/A,#N/A,#N/A,#N/A,Quote Line,#N/A,#N/A
3761010e-e02a-4c97-8661-b6567b334c67,#N/A,1958f15e-0876-4c33-8204-227f895772db,Unit Price,#N/A,#N/A,#N/A,#N/A,#N/A,#N/A,#N/A,Quote,#N/A,#N/A
3cbd88fa-fc63-4c9f-9858-6bf8a0f96d1f,#N/A,9f340dc9-554c-4276-8a77-b0c17dc4c220,SBQQ__TaxCode__c,"IF( SBQQ__Quote__r.Calculate_Tax__c = True && SBQQ__Quote__r.SBQQ__BillingCountry__c = ""United States"", ""A234"", 
IF( SBQQ__Quote__r.Calculate_Tax__c = True && SBQQ__Quote__r.SBQQ__BillingCountry__c = ""United Kingdom"", ""B567"", 
""A000""))",#N/A,#N/A,#N/A,#N/A,#N/A,#N/A,Quote Line,#N/A,#N/A
c406784a-445e-4697-99e3-b1209267f9ea,#N/A,c9e3e345-b2e8-4cbc-818e-1311a7f0bcfb,SBQQ__Quantity__c,Protected_Devices__c,1.0,#N/A,#N/A,#N/A,#N/A,#N/A,Quote Line,#N/A,#N/A
bf2d5de2-2cd1-469e-95de-e86401d8bf9c,#N/A,6d808a48-b9f4-485d-998c-722e4a176ca6,SBQQ__Quantity__c,SBQQ__ProductOption__r.Protected_Devices__c,1.0,#N/A,#N/A,#N/A,#N/A,#N/A,Product Option,#N/A,#N/A
7f23e17b-ea01-4fc8-9f01-904c253f70ca,#N/A,80feb5d5-2b57-4b66-8faf-0b7097723fd9,SBQQ__Quantity__c,SBQQ__ProductOption__r.Protected_Devices__c,1.0,#N/A,#N/A,#N/A,#N/A,#N/A,Product Option,#N/A,#N/A
2d495a9b-9b2e-448d-a3ec-b5326e675ed3,#N/A,dc18dc25-81f0-4dca-8f36-476af09887e2,Discretionary_Discount_Percent__c,"100.0 * if( SBQQ__RegularPrice__c =0, 0, ( SBQQ__NetPrice__c -SBQQ__RegularPrice__c)/(-1.0 * SBQQ__RegularPrice__c))",1.0,#N/A,#N/A,#N/A,#N/A,#N/A,Quote Line,#N/A,#N/A
9fdd5911-5529-46eb-b40a-f7fb1d0f32b9,#N/A,1b5e4cb6-f3b8-4229-b8cb-5bd8668d180b,SBQQ__RenewalUpliftRate__c,#N/A,#N/A,#N/A,#N/A,#N/A,#N/A,#N/A,Quote,#N/A,3
9e64a974-85e2-483f-ad5b-4659adc1da79,#N/A,063d1e4c-31f2-41f5-84df-9ac1a13571b9,SBQQ__Quantity__c,Protected_Devices__c,1.0,#N/A,#N/A,#N/A,#N/A,#N/A,Quote Line,#N/A,#N/A
563141df-022e-4900-845c-96395ce20e9e,#N/A,03e7eb79-2a04-40bf-bc5b-4896e876296e,SBQQ__Quantity__c,SBQQ__ProductOption__r.Protected_Devices__c,1.0,#N/A,#N/A,#N/A,#N/A,#N/A,Product Option,#N/A,#N/A
7082fc78-cc04-4edf-b228-b7c9918e29ae,#N/A,7018a120-8e5d-44e6-852a-56396ba2e9fd,SBQQ__Quantity__c,Protected_Devices__c,1.0,#N/A,#N/A,#N/A,#N/A,#N/A,Quote Line,#N/A,#N/A
22aa2b07-c8d3-4ac2-a800-0e3404eee3ea,#N/A,f81cf914-0941-4995-b220-d6cb6d787424,Discretionary_Discount_Percent__c,"100.0 * if( SBQQ__RegularPrice__c =0, 0, ( SBQQ__NetPrice__c -SBQQ__RegularPrice__c)/(-1.0 * SBQQ__RegularPrice__c))",#N/A,#N/A,#N/A,#N/A,#N/A,#N/A,Quote Line,#N/A,#N/A
2440819e-0523-4563-9f17-5ddbdd72b3f7,#N/A,bfdbeb3b-e7a5-4931-95b5-2571f3e88317,Billing_Approval_Level__c,"IF((TEXT(SBQQ__BillingFrequency__c)  <>  TEXT(SBQQ__Product__r.SBQQ__BillingFrequency__c)) ||
(TEXT(SBQQ__BillingType__c) <> TEXT(SBQQ__Product__r.SBQQ__BillingType__c)), 1, 0)",1.0,#N/A,#N/A,#N/A,#N/A,#N/A,Quote Line,#N/A,#N/A
89185056-fe88-4286-845e-ce882078b524,#N/A,97ae2ad4-5307-41e3-9720-d4dd268a382d,Discretionary_Discount_Decimal__c,"if( SBQQ__RegularPrice__c =0, 0, ( SBQQ__NetPrice__c -SBQQ__RegularPrice__c)/(-1.0 * SBQQ__RegularPrice__c))",#N/A,#N/A,#N/A,#N/A,#N/A,#N/A,Quote Line,#N/A,#N/A
0eae3cb5-9242-40f9-837d-e3705d1388bf,#N/A,c3a4307f-7791-4a44-9cf3-8b174e669de4,Discretionary_Discount_Decimal__c,"if( SBQQ__RegularPrice__c =0, 0, ( SBQQ__NetPrice__c -SBQQ__RegularPrice__c)/(-1.0 * SBQQ__RegularPrice__c))",2.0,#N/A,#N/A,#N/A,#N/A,#N/A,Quote Line,#N/A,#N/A
7dbe19ec-d742-40dd-8bf4-610ca58a17ac,#N/A,1504e89d-b956-44e8-bbb1-ce622254c8f7,Billing_Approval_Level__c,"IF((TEXT(SBQQ__BillingFrequency__c)  <>  TEXT(SBQQ__Product__r.SBQQ__BillingFrequency__c)) ||
(TEXT(SBQQ__BillingType__c) <> TEXT(SBQQ__Product__r.SBQQ__BillingType__c)), 1, 0)",1.0,#N/A,#N/A,#N/A,#N/A,#N/A,Quote Line,#N/A,#N/A
fb258e29-c02a-4e3e-9c62-9effb25c74d8,#N/A,a39f7ce0-bf8b-406b-99f9-823cb1b76dc5,Discretionary_Discount_Percent__c,"100.0 * if( SBQQ__RegularPrice__c =0, 0, ( SBQQ__NetPrice__c -SBQQ__RegularPrice__c)/(-1.0 * SBQQ__RegularPrice__c))",#N/A,#N/A,#N/A,#N/A,#N/A,#N/A,Quote Line,#N/A,#N/A
2608e2dd-66f4-44b9-9ce0-98f9f285578d,#N/A,fc42a143-0a43-4f73-90d2-47ae333a8fac,Discretionary_Discount_Decimal__c,"if( SBQQ__RegularPrice__c =0, 0, ( SBQQ__NetPrice__c -SBQQ__RegularPrice__c)/(-1.0 * SBQQ__RegularPrice__c))",#N/A,#N/A,#N/A,#N/A,#N/A,#N/A,Quote Line,#N/A,#N/A
6741e950-abcd-4913-ad73-74006874ae8c,#N/A,4e7fcbb7-2ea0-447d-bf24-edcdbc47ee8d,Discount (%),#N/A,#N/A,#N/A,#N/A,#N/A,#N/A,#N/A,Quote Line,#N/A,10
53e6b7a3-e82f-41d6-9bf3-58c80f162857,#N/A,80e63f32-ae19-4386-ad8c-2d1bb2e32f37,SBQQ__RenewalUpliftRate__c,#N/A,#N/A,#N/A,#N/A,#N/A,#N/A,#N/A,Quote,#N/A,4
504930b2-312f-4feb-a0bf-f4e4810f1183,#N/A,11c71422-b7a1-4f0d-9552-9cfa1422c882,Discretionary_Discount_Decimal__c,"if( SBQQ__RegularPrice__c =0, 0, ( SBQQ__NetPrice__c -SBQQ__RegularPrice__c)/(-1.0 * SBQQ__RegularPrice__c))",2.0,#N/A,#N/A,#N/A,#N/A,#N/A,Quote Line,#N/A,#N/A
f7265152-a09a-4bc0-aa68-633974dd6996,#N/A,97ae2ad4-5307-41e3-9720-d4dd268a382d,Discretionary_Discount_Percent__c,"100.0 * if( SBQQ__RegularPrice__c =0, 0, ( SBQQ__NetPrice__c -SBQQ__RegularPrice__c)/(-1.0 * SBQQ__RegularPrice__c))",#N/A,#N/A,#N/A,#N/A,#N/A,#N/A,Quote Line,#N/A,#N/A
cc954c56-ea75-48ea-be1c-276b789b3b99,#N/A,02785252-619e-40ca-99cd-30fd290cd1a2,SBQQ__RenewalUpliftRate__c,#N/A,#N/A,#N/A,#N/A,#N/A,#N/A,#N/A,Quote,#N/A,3
1e9e824d-f4a4-4518-ae31-200066c114fc,#N/A,4aefc026-514f-4f7b-87ee-0746c7e41b95,Billing_Approval_Level__c,"IF((TEXT(SBQQ__BillingFrequency__c)  <>  TEXT(SBQQ__Product__r.SBQQ__BillingFrequency__c)) ||
(TEXT(SBQQ__BillingType__c) <> TEXT(SBQQ__Product__r.SBQQ__BillingType__c)), 1, 0)",1.0,#N/A,#N/A,#N/A,#N/A,#N/A,Quote Line,#N/A,#N/A
662d78cb-fd89-4be3-ae2c-ae7bfc4a85c4,#N/A,baa364d4-6f37-430a-a6a3-e35fbfe479e7,SBQQ__Quantity__c,Protected_Devices__c,1.0,#N/A,#N/A,#N/A,#N/A,#N/A,Quote Line,#N/A,#N/A
18c8fbf6-8c5c-49cb-8d3a-ee7707cbf465,#N/A,c3a4307f-7791-4a44-9cf3-8b174e669de4,Discretionary_Discount_Percent__c,"100.0 * if( SBQQ__RegularPrice__c =0, 0, ( SBQQ__NetPrice__c -SBQQ__RegularPrice__c)/(-1.0 * SBQQ__RegularPrice__c))",1.0,#N/A,#N/A,#N/A,#N/A,#N/A,Quote Line,#N/A,#N/A
eb1231d4-1344-48ab-a601-e9ac9d903e0a,#N/A,be1394c8-62c4-4915-9fc7-46839cbbaeaf,Discretionary_Discount_Decimal__c,"if( SBQQ__RegularPrice__c =0, 0, ( SBQQ__NetPrice__c -SBQQ__RegularPrice__c)/(-1.0 * SBQQ__RegularPrice__c))",2.0,#N/A,#N/A,#N/A,#N/A,#N/A,Quote Line,#N/A,#N/A
04413d8b-ff61-40dc-9065-894bfcf78c4d,#N/A,a2ac9be9-0ef4-4d74-bc44-b796cfe62ceb,Discretionary_Discount_Percent__c,"100.0 * if( SBQQ__RegularPrice__c =0, 0, ( SBQQ__NetPrice__c -SBQQ__RegularPrice__c)/(-1.0 * SBQQ__RegularPrice__c))",1.0,#N/A,#N/A,#N/A,#N/A,#N/A,Quote Line,#N/A,#N/A
6e0a2934-9817-4452-bfce-51d896692c32,#N/A,75c18fb2-9384-4a6d-b7c3-9440fcbfacb0,SBQQ__RenewalUpliftRate__c,#N/A,#N/A,#N/A,#N/A,#N/A,#N/A,#N/A,Quote,#N/A,10
6ea82aab-8a43-427c-9d35-291a37fa5407,#N/A,a8ce3d75-4e1c-4d49-9809-3cce7e9a08d9,Discount (%),#N/A,#N/A,#N/A,#N/A,#N/A,#N/A,#N/A,Quote Line,#N/A,45
b5953624-6df0-4eef-bfbc-252d06b663ca,#N/A,7466a8ad-a061-4f0f-8c33-687e20c96660,SBQQ__TaxCode__c,"IF( SBQQ__Quote__r.Calculate_Tax__c = True && SBQQ__Quote__r.SBQQ__BillingCountry__c = ""United States"", ""A234"", 
IF( SBQQ__Quote__r.Calculate_Tax__c = True && SBQQ__Quote__r.SBQQ__BillingCountry__c = ""United Kingdom"", ""B567"", 
""A000""))",#N/A,#N/A,#N/A,#N/A,#N/A,#N/A,Quote Line,#N/A,#N/A
97550a5e-ccda-4920-a417-8d423bebc833,#N/A,f81cf914-0941-4995-b220-d6cb6d787424,Discretionary_Discount_Decimal__c,"if( SBQQ__RegularPrice__c =0, 0, ( SBQQ__NetPrice__c -SBQQ__RegularPrice__c)/(-1.0 * SBQQ__RegularPrice__c))",#N/A,#N/A,#N/A,#N/A,#N/A,#N/A,Quote Line,#N/A,#N/A
f73b6d4b-1c56-41e1-8d26-3d9a33a0f0e0,#N/A,8606057a-5e82-4275-8d01-4f8896ea9036,Discount (%),#N/A,#N/A,#N/A,#N/A,#N/A,#N/A,#N/A,Quote Line,#N/A,45
b153529c-8ded-44c8-b147-cede72d5b4be,#N/A,818dd671-a47f-46d9-ae23-143c1411868f,SBQQ__TaxCode__c,"IF( SBQQ__Quote__r.Calculate_Tax__c = True && SBQQ__Quote__r.SBQQ__BillingCountry__c = ""United States"", ""A234"", 
IF( SBQQ__Quote__r.Calculate_Tax__c = True && SBQQ__Quote__r.SBQQ__BillingCountry__c = ""United Kingdom"", ""B567"", 
""A000""))",#N/A,#N/A,#N/A,#N/A,#N/A,#N/A,Quote Line,#N/A,#N/A
fbc4f47a-415e-409d-a084-6a63b475c22e,#N/A,d0d3ecfd-2f2b-4f64-898e-de675660055e,SBQQ__TaxCode__c,"IF( SBQQ__Quote__r.Calculate_Tax__c = True && SBQQ__Quote__r.SBQQ__BillingCountry__c = ""United States"", ""A234"", 
IF( SBQQ__Quote__r.Calculate_Tax__c = True && SBQQ__Quote__r.SBQQ__BillingCountry__c = ""United Kingdom"", ""B567"", 
""A000""))",#N/A,#N/A,#N/A,#N/A,#N/A,#N/A,Quote Line,#N/A,#N/A
00f51acf-7f8c-4a8e-8a83-267381cbf3b5,#N/A,a2ac9be9-0ef4-4d74-bc44-b796cfe62ceb,Discretionary_Discount_Decimal__c,"if( SBQQ__RegularPrice__c =0, 0, ( SBQQ__NetPrice__c -SBQQ__RegularPrice__c)/(-1.0 * SBQQ__RegularPrice__c))",2.0,#N/A,#N/A,#N/A,#N/A,#N/A,Quote Line,#N/A,#N/A
c159f626-a282-40d2-9212-36e9e9bf2221,#N/A,a39f7ce0-bf8b-406b-99f9-823cb1b76dc5,Discretionary_Discount_Decimal__c,"if( SBQQ__RegularPrice__c =0, 0, ( SBQQ__NetPrice__c -SBQQ__RegularPrice__c)/(-1.0 * SBQQ__RegularPrice__c))",#N/A,#N/A,#N/A,#N/A,#N/A,#N/A,Quote Line,#N/A,#N/A
087284f2-5aea-4643-8f05-94ec5dae06d7,#N/A,5cf242e6-c493-4201-b9a4-28d2c404baca,Billing_Approval_Level__c,"IF((TEXT(SBQQ__BillingFrequency__c)  <>  TEXT(SBQQ__Product__r.SBQQ__BillingFrequency__c)) ||
(TEXT(SBQQ__BillingType__c) <> TEXT(SBQQ__Product__r.SBQQ__BillingType__c)), 1, 0)",1.0,#N/A,#N/A,#N/A,#N/A,#N/A,Quote Line,#N/A,#N/A
3a704886-7f59-402e-aec3-16a5ca9fa430,#N/A,fc42a143-0a43-4f73-90d2-47ae333a8fac,Discretionary_Discount_Percent__c,"100.0 * if( SBQQ__RegularPrice__c =0, 0, ( SBQQ__NetPrice__c -SBQQ__RegularPrice__c)/(-1.0 * SBQQ__RegularPrice__c))",#N/A,#N/A,#N/A,#N/A,#N/A,#N/A,Quote Line,#N/A,#N/A
45b66fe7-3c1b-4b84-8c3d-4bad5292367e,#N/A,1718636a-8496-4cca-acfc-76ea5c8aa175,Discretionary_Discount_Percent__c,"100.0 * if( SBQQ__RegularPrice__c =0, 0, ( SBQQ__NetPrice__c -SBQQ__RegularPrice__c)/(-1.0 * SBQQ__RegularPrice__c))",#N/A,#N/A,#N/A,#N/A,#N/A,#N/A,Quote Line,#N/A,#N/A
b804840e-c16a-46dd-9f80-88f653e4b0dd,79,28ff731b-8104-45ab-8366-b01288bff9d9,SBQQ__RenewalUpliftRate__c,#N/A,#N/A,false,#N/A,true,#N/A,#N/A,Quote,#N/A,5
74a79699-64d0-4376-8186-fe08f78b1b0e,86,cb44a597-5fce-4973-aa86-75a51c136a88,Billing_Approval_Level__c,"IF((TEXT(SBQQ__BillingFrequency__c)  <>  TEXT(SBQQ__Product__r.SBQQ__BillingFrequency__c)) ||
(TEXT(SBQQ__BillingType__c) <> TEXT(SBQQ__Product__r.SBQQ__BillingType__c)), 1, 0)",1.0,false,#N/A,true,#N/A,#N/A,Quote Line,#N/A,#N/A
2a3e0521-af5f-4f81-8096-f1fbcfc19412,88,67e74889-7ea2-4386-a9f8-ac94d0854392,SBQQ__RenewalUpliftRate__c,#N/A,#N/A,true,#N/A,true,#N/A,#N/A,Quote,#N/A,10
4b04e106-9c6a-4d6f-be42-9a0349fcae55,100,a22808b5-9a41-41a2-89e1-11f8aa2a41fe,SBQQ__RenewalUpliftRate__c,#N/A,#N/A,false,#N/A,true,#N/A,#N/A,Quote,#N/A,4
bcae5f3f-6764-4166-8373-4c8bf8f04e74,104,f355b1a3-4073-4a01-bcc9-90496e9186e0,Discount (%),#N/A,#N/A,false,SBQQ__LookupData__c,true,#N/A,#N/A,Quote Line,#N/A,10
67531970-db18-4ae4-9e29-5becd8a460f4,0,b601ae13-4e23-406e-acf0-c992037728f9,Discount (%),#N/A,#N/A,false,#N/A,true,#N/A,#N/A,Quote Line,#N/A,20
bb026a28-e547-49a2-b090-8e3b21bde983,52,a8aa3e63-8ddb-4e8d-a192-469b799daa2c,Billing_Approval_Level__c,"IF((TEXT(SBQQ__BillingFrequency__c)  <>  TEXT(SBQQ__Product__r.SBQQ__BillingFrequency__c)) ||
(TEXT(SBQQ__BillingType__c) <> TEXT(SBQQ__Product__r.SBQQ__BillingType__c)), 1, 0)",1.0,false,#N/A,true,#N/A,#N/A,Quote Line,#N/A,#N/A
d321c218-8d53-40db-9f4a-e723fd20dc6e,53,97c2d8ef-db0d-4806-9e2c-420b12934e60,SBQQ__RenewalUpliftRate__c,#N/A,#N/A,false,#N/A,true,#N/A,#N/A,Quote,#N/A,3
41a105ca-bf82-4206-bcc0-c357a97b9f5d,54,56ffcae1-3637-491c-b7f4-da9456b9c5bc,SBQQ__TaxCode__c,"IF( SBQQ__Quote__r.Calculate_Tax__c = True && SBQQ__Quote__r.SBQQ__BillingCountry__c = ""United States"", ""A234"", 
IF( SBQQ__Quote__r.Calculate_Tax__c = True && SBQQ__Quote__r.SBQQ__BillingCountry__c = ""United Kingdom"", ""B567"", 
""A000""))",#N/A,false,#N/A,true,#N/A,#N/A,Quote Line,#N/A,#N/A
62bba6a9-7275-4bdc-85a5-9a09acbba929,55,4c3fe9cf-52d9-4a14-a286-4d4fc1f522a1,Billing_Approval_Level__c,"IF((TEXT(SBQQ__BillingFrequency__c)  <>  TEXT(SBQQ__Product__r.SBQQ__BillingFrequency__c)) ||
(TEXT(SBQQ__BillingType__c) <> TEXT(SBQQ__Product__r.SBQQ__BillingType__c)), 1, 0)",1.0,false,#N/A,true,#N/A,#N/A,Quote Line,#N/A,#N/A
15c43c72-40f9-4a02-8b69-62f5eeec464c,56,5f3632b9-b3eb-4972-84a9-6fb161808f9b,SBQQ__TaxCode__c,"IF( SBQQ__Quote__r.Calculate_Tax__c = True && SBQQ__Quote__r.SBQQ__BillingCountry__c = ""United States"", ""A234"", 
IF( SBQQ__Quote__r.Calculate_Tax__c = True && SBQQ__Quote__r.SBQQ__BillingCountry__c = ""United Kingdom"", ""B567"", 
""A000""))",#N/A,false,#N/A,true,#N/A,#N/A,Quote Line,#N/A,#N/A
a83a0c45-9094-4898-95da-faabd738f3c3,57,5b64ced4-ca0f-418d-ae2f-01de79d8763c,Discretionary_Discount_Decimal__c,"if( SBQQ__RegularPrice__c =0, 0, ( SBQQ__NetPrice__c -SBQQ__RegularPrice__c)/(-1.0 * SBQQ__RegularPrice__c))",#N/A,false,#N/A,true,#N/A,#N/A,Quote Line,#N/A,#N/A
1f5b3adf-3953-4bfa-bddf-a53f69ba66d0,58,894a1af7-16c7-4587-861c-abdfc1f04acf,Discount (%),#N/A,#N/A,false,#N/A,true,#N/A,#N/A,Quote Line,#N/A,45
97b3cf92-f472-456a-aa3f-ae6a427f761c,59,8ca45a15-b9bc-4d39-b507-89e9f56394ff,Discretionary_Discount_Decimal__c,"if( SBQQ__RegularPrice__c =0, 0, ( SBQQ__NetPrice__c -SBQQ__RegularPrice__c)/(-1.0 * SBQQ__RegularPrice__c))",#N/A,false,#N/A,true,#N/A,#N/A,Quote Line,#N/A,#N/A
9c8b6b71-40d4-4e0d-a2f7-2136ca544d28,60,0996ef0e-828b-4211-b75b-b603a442cd39,Billing_Approval_Level__c,"IF((TEXT(SBQQ__BillingFrequency__c)  <>  TEXT(SBQQ__Product__r.SBQQ__BillingFrequency__c)) ||
(TEXT(SBQQ__BillingType__c) <> TEXT(SBQQ__Product__r.SBQQ__BillingType__c)), 1, 0)",1.0,false,#N/A,true,#N/A,#N/A,Quote Line,#N/A,#N/A
9bd5f1c2-7395-4802-8004-f28850bcd0a2,61,49ff6f80-d4de-464e-bee2-41a54b3bb4fb,SBQQ__TaxCode__c,"IF( SBQQ__Quote__r.Calculate_Tax__c = True && SBQQ__Quote__r.SBQQ__BillingCountry__c = ""United States"", ""A234"", 
IF( SBQQ__Quote__r.Calculate_Tax__c = True && SBQQ__Quote__r.SBQQ__BillingCountry__c = ""United Kingdom"", ""B567"", 
""A000""))",#N/A,false,#N/A,true,#N/A,#N/A,Quote Line,#N/A,#N/A
8680b260-769c-4063-8c0f-a4c7ce68963f,62,3660a208-0b6f-4f59-9bfd-2d9414cf4b30,Discount (%),#N/A,#N/A,false,#N/A,true,#N/A,#N/A,Quote Line,#N/A,45
120e9b16-62f9-4b75-9b75-e5a22f565908,63,7d57885b-8343-45c7-9a51-57b73df668d9,Discretionary_Discount_Decimal__c,"if( SBQQ__RegularPrice__c =0, 0, ( SBQQ__NetPrice__c -SBQQ__RegularPrice__c)/(-1.0 * SBQQ__RegularPrice__c))",2.0,false,Approval_Threshold__c,true,#N/A,#N/A,Quote Line,#N/A,#N/A
c96d80ce-4a2c-4b56-a827-47af17bfcba0,64,7d57885b-8343-45c7-9a51-57b73df668d9,Discretionary_Discount_Percent__c,"100.0 * if( SBQQ__RegularPrice__c =0, 0, ( SBQQ__NetPrice__c -SBQQ__RegularPrice__c)/(-1.0 * SBQQ__RegularPrice__c))",1.0,false,Approval_Threshold__c,true,#N/A,#N/A,Quote Line,#N/A,#N/A
d15adc36-e63c-4406-beea-da64c4597513,65,fdae54dd-5f48-4e92-86a2-e5931d5200b2,SBQQ__Quantity__c,Protected_Devices__c,1.0,false,#N/A,true,#N/A,#N/A,Quote Line,#N/A,#N/A
e4564bd7-2392-40eb-b686-d787632b6a3e,66,85ef2dff-b8aa-4f9a-9469-d12a85c642e4,SBQQ__Quantity__c,SBQQ__ProductOption__r.Protected_Devices__c,1.0,false,#N/A,false,#N/A,#N/A,Product Option,#N/A,#N/A
86d6ec1c-2400-4362-a73b-f85cfc3c22ba,67,853389fc-d253-448b-9330-31ecac647f5f,Discount (%),#N/A,#N/A,false,#N/A,true,#N/A,#N/A,Quote Line,#N/A,45
23b38676-d26f-4d56-b426-18fd5e546f3c,68,16819250-3691-4a6c-a7dd-b21f5bad1465,Discretionary_Discount_Percent__c,"100.0 * if( SBQQ__RegularPrice__c =0, 0, ( SBQQ__NetPrice__c -SBQQ__RegularPrice__c)/(-1.0 * SBQQ__RegularPrice__c))",#N/A,false,#N/A,true,#N/A,#N/A,Quote Line,#N/A,#N/A
4beb65eb-4b16-4c1c-864c-e7de4a170d0b,69,335e779e-c139-4095-800e-55689dd2fcd1,SBQQ__Quantity__c,Protected_Devices__c,1.0,false,#N/A,true,#N/A,#N/A,Quote Line,#N/A,#N/A
d95c8b75-2426-4851-954d-85853f82a888,70,a1afc168-d840-4660-aea4-0cf8fb400add,Discount (%),#N/A,#N/A,false,#N/A,true,#N/A,#N/A,Quote Line,#N/A,45
a9f6851a-e901-4086-84c6-92b796f2edbb,71,ec524a03-1e8a-4ee6-8247-591b7d5d6da0,Discretionary_Discount_Percent__c,"100.0 * if( SBQQ__RegularPrice__c =0, 0, ( SBQQ__NetPrice__c -SBQQ__RegularPrice__c)/(-1.0 * SBQQ__RegularPrice__c))",1.0,false,Approval_Threshold__c,true,#N/A,#N/A,Quote Line,#N/A,#N/A
3ababc3a-5455-4b50-8e23-397d04dd426d,72,35e9c08c-068e-4609-b710-578384a8d24c,SBQQ__Quantity__c,Protected_Devices__c,1.0,false,#N/A,true,#N/A,#N/A,Quote Line,#N/A,#N/A
6ba12307-a2d9-4396-90b1-eaa0ddab0782,73,27c8740f-f6b8-45bf-9340-44989be5c83f,Discretionary_Discount_Decimal__c,"if( SBQQ__RegularPrice__c =0, 0, ( SBQQ__NetPrice__c -SBQQ__RegularPrice__c)/(-1.0 * SBQQ__RegularPrice__c))",2.0,false,Approval_Threshold__c,true,#N/A,#N/A,Quote Line,#N/A,#N/A
4e981f6f-8e71-4ffa-8905-59d727aa309c,74,8ca45a15-b9bc-4d39-b507-89e9f56394ff,Discretionary_Discount_Percent__c,"100.0 * if( SBQQ__RegularPrice__c =0, 0, ( SBQQ__NetPrice__c -SBQQ__RegularPrice__c)/(-1.0 * SBQQ__RegularPrice__c))",#N/A,false,#N/A,true,#N/A,#N/A,Quote Line,#N/A,#N/A
cc1542e3-8c9b-4540-903d-4f846cd454c2,75,8e420c34-74c2-4fbb-bfe3-bdb0b7e58033,Discount (%),#N/A,#N/A,false,#N/A,true,#N/A,#N/A,Quote Line,#N/A,45
2537205e-2f80-4573-9ab0-81d7c07f0f73,76,808b5fa3-de52-4491-863f-0275290e7330,Discretionary_Discount_Decimal__c,"if( SBQQ__RegularPrice__c =0, 0, ( SBQQ__NetPrice__c -SBQQ__RegularPrice__c)/(-1.0 * SBQQ__RegularPrice__c))",2.0,false,Approval_Threshold__c,true,#N/A,#N/A,Quote Line,#N/A,#N/A
5536ecad-c048-438b-849f-cfac7e8304c7,77,a0bf9723-52c3-4410-8ef7-775c7a590bfb,SBQQ__TaxCode__c,"IF( SBQQ__Quote__r.Calculate_Tax__c = True && SBQQ__Quote__r.SBQQ__BillingCountry__c = ""United States"", ""A234"", 
IF( SBQQ__Quote__r.Calculate_Tax__c = True && SBQQ__Quote__r.SBQQ__BillingCountry__c = ""United Kingdom"", ""B567"", 
""A000""))",#N/A,false,#N/A,true,#N/A,#N/A,Quote Line,#N/A,#N/A
e3b0b2f9-37ba-446c-8756-31b9ab2f5bc8,78,6fe97c32-7928-4c45-ae8a-158c621d9b14,Discretionary_Discount_Percent__c,"100.0 * if( SBQQ__RegularPrice__c =0, 0, ( SBQQ__NetPrice__c -SBQQ__RegularPrice__c)/(-1.0 * SBQQ__RegularPrice__c))",1.0,false,Approval_Threshold__c,true,#N/A,#N/A,Quote Line,#N/A,#N/A
f38ab5c8-852e-45d4-b7ac-8935ebf573e9,80,dbafaec1-06f5-459d-8fee-05abcc10d1ae,SBQQ__Quantity__c,Protected_Devices__c,1.0,false,#N/A,true,#N/A,#N/A,Quote Line,#N/A,#N/A
45a030d3-9b68-4c8f-a2a0-95cd5f592cb8,81,e4adeeff-e89f-4eeb-9a66-d968931382f8,SBQQ__Quantity__c,SBQQ__ProductOption__r.Protected_Devices__c,1.0,false,#N/A,false,#N/A,#N/A,Product Option,#N/A,#N/A
c0534374-d93c-408b-93fa-9bb990a3d295,82,ec524a03-1e8a-4ee6-8247-591b7d5d6da0,Discretionary_Discount_Decimal__c,"if( SBQQ__RegularPrice__c =0, 0, ( SBQQ__NetPrice__c -SBQQ__RegularPrice__c)/(-1.0 * SBQQ__RegularPrice__c))",2.0,false,Approval_Threshold__c,true,#N/A,#N/A,Quote Line,#N/A,#N/A
02f260ae-5936-4404-9c10-1c700c238927,83,00893831-60dc-4ea2-97c8-045fce769e2d,Discretionary_Discount_Decimal__c,"if( SBQQ__RegularPrice__c =0, 0, ( SBQQ__NetPrice__c -SBQQ__RegularPrice__c)/(-1.0 * SBQQ__RegularPrice__c))",#N/A,false,#N/A,true,#N/A,#N/A,Quote Line,#N/A,#N/A
2b3b8123-f2a0-4df9-bde1-94f801cb7b23,84,8c42c170-75a1-49e1-9ef4-bdee1b8b0108,SBQQ__RenewalUpliftRate__c,#N/A,#N/A,false,#N/A,true,#N/A,#N/A,Quote,#N/A,3
861d06d4-de03-4c33-a109-e8931d6db839,85,0534d38c-d8e7-414d-8ff6-8cebc9592ccc,Discretionary_Discount_Decimal__c,"if( SBQQ__RegularPrice__c =0, 0, ( SBQQ__NetPrice__c -SBQQ__RegularPrice__c)/(-1.0 * SBQQ__RegularPrice__c))",#N/A,false,#N/A,true,#N/A,#N/A,Quote Line,#N/A,#N/A
91136661-671b-4a0e-88cc-a96fd13054e7,87,19adb92a-9fcf-4d45-9881-d7782014d774,SBQQ__Quantity__c,Protected_Devices__c,1.0,false,#N/A,true,#N/A,#N/A,Quote Line,#N/A,#N/A
feee8d84-4d67-41ec-8c24-b37ae08ac0e6,89,6fe97c32-7928-4c45-ae8a-158c621d9b14,Discretionary_Discount_Decimal__c,"if( SBQQ__RegularPrice__c =0, 0, ( SBQQ__NetPrice__c -SBQQ__RegularPrice__c)/(-1.0 * SBQQ__RegularPrice__c))",2.0,false,Approval_Threshold__c,true,#N/A,#N/A,Quote Line,#N/A,#N/A
91e68129-8e96-44a7-8602-1d76c80787b3,90,2f541793-cd7b-4a10-b8f4-e2f0fcc84853,Unit Price,#N/A,#N/A,false,#N/A,false,#N/A,#N/A,Product Option,#N/A,123
6de7ff0a-a596-40c3-8f36-042d9f6b3748,91,8012f3ee-eb31-4812-bfbc-b617b053f9aa,SBQQ__Quantity__c,SBQQ__ProductOption__r.Protected_Devices__c,1.0,false,#N/A,false,#N/A,#N/A,Product Option,#N/A,#N/A
afa1397b-6450-42c6-b5f0-589ad7abce59,92,0534d38c-d8e7-414d-8ff6-8cebc9592ccc,Discretionary_Discount_Percent__c,"100.0 * if( SBQQ__RegularPrice__c =0, 0, ( SBQQ__NetPrice__c -SBQQ__RegularPrice__c)/(-1.0 * SBQQ__RegularPrice__c))",#N/A,false,#N/A,true,#N/A,#N/A,Quote Line,#N/A,#N/A
0ef44d1f-6de1-4a6c-bcfe-38ecdb0da878,93,00893831-60dc-4ea2-97c8-045fce769e2d,Discretionary_Discount_Percent__c,"100.0 * if( SBQQ__RegularPrice__c =0, 0, ( SBQQ__NetPrice__c -SBQQ__RegularPrice__c)/(-1.0 * SBQQ__RegularPrice__c))",#N/A,false,#N/A,true,#N/A,#N/A,Quote Line,#N/A,#N/A
1efc64e5-d894-47df-8cd3-e57681769d67,94,035915b0-0674-4e8a-a1f0-b70390104dd1,Billing_Approval_Level__c,"IF((TEXT(SBQQ__BillingFrequency__c)  <>  TEXT(SBQQ__Product__r.SBQQ__BillingFrequency__c)) ||
(TEXT(SBQQ__BillingType__c) <> TEXT(SBQQ__Product__r.SBQQ__BillingType__c)), 1, 0)",1.0,false,#N/A,true,#N/A,#N/A,Quote Line,#N/A,#N/A
8fe57ca1-836e-4bf3-85ce-93a8c0506388,95,5b64ced4-ca0f-418d-ae2f-01de79d8763c,Discretionary_Discount_Percent__c,"100.0 * if( SBQQ__RegularPrice__c =0, 0, ( SBQQ__NetPrice__c -SBQQ__RegularPrice__c)/(-1.0 * SBQQ__RegularPrice__c))",#N/A,false,#N/A,true,#N/A,#N/A,Quote Line,#N/A,#N/A
90e37407-d969-45cd-a2cc-1b663ebeb86a,96,46ddaeb4-3177-4a4f-933b-cba548389474,SBQQ__TaxCode__c,"IF( SBQQ__Quote__r.Calculate_Tax__c = True && SBQQ__Quote__r.SBQQ__BillingCountry__c = ""United States"", ""A234"", 
IF( SBQQ__Quote__r.Calculate_Tax__c = True && SBQQ__Quote__r.SBQQ__BillingCountry__c = ""United Kingdom"", ""B567"", 
""A000""))",#N/A,false,#N/A,true,#N/A,#N/A,Quote Line,#N/A,#N/A
7302a0f8-e035-4260-ab17-427a99f86a5d,97,9f599ebc-fcc3-486c-bfb6-dcbbd2c00386,SBQQ__Quantity__c,SBQQ__ProductOption__r.Protected_Devices__c,1.0,false,#N/A,false,#N/A,#N/A,Product Option,#N/A,#N/A
43efef59-20e7-46f1-a0a6-9e236404ceb1,98,27c8740f-f6b8-45bf-9340-44989be5c83f,Discretionary_Discount_Percent__c,"100.0 * if( SBQQ__RegularPrice__c =0, 0, ( SBQQ__NetPrice__c -SBQQ__RegularPrice__c)/(-1.0 * SBQQ__RegularPrice__c))",1.0,false,Approval_Threshold__c,true,#N/A,#N/A,Quote Line,#N/A,#N/A
a356f62e-6a04-4732-b5e0-8ca3055da0f8,99,59f0d13b-54e1-4105-8fbd-233f6895f5b2,SBQQ__Quantity__c,SBQQ__ProductOption__r.Protected_Devices__c,1.0,false,#N/A,false,#N/A,#N/A,Product Option,#N/A,#N/A
36da81ec-28ee-40ba-85eb-67a0bbb33945,101,16819250-3691-4a6c-a7dd-b21f5bad1465,Discretionary_Discount_Decimal__c,"if( SBQQ__RegularPrice__c =0, 0, ( SBQQ__NetPrice__c -SBQQ__RegularPrice__c)/(-1.0 * SBQQ__RegularPrice__c))",#N/A,false,#N/A,true,#N/A,#N/A,Quote Line,#N/A,#N/A
d658c5c1-54e0-44cf-badc-f88875568d4a,102,808b5fa3-de52-4491-863f-0275290e7330,Discretionary_Discount_Percent__c,"100.0 * if( SBQQ__RegularPrice__c =0, 0, ( SBQQ__NetPrice__c -SBQQ__RegularPrice__c)/(-1.0 * SBQQ__RegularPrice__c))",1.0,false,Approval_Threshold__c,true,#N/A,#N/A,Quote Line,#N/A,#N/A
3cf67919-0aba-4875-a595-d85e897fd25f,103,e2386a0e-0582-4297-b2b8-051f6aafede2,Discount (Amt),#N/A,#N/A,false,SBQQ__LookupData__c,true,#N/A,#N/A,Quote Line,#N/A,10
9e2c640f-51f8-480c-b614-6857ca76a16f,105,4de28982-cbd1-43d4-968e-734bce182721,Discount (%),#N/A,#N/A,false,#N/A,true,#N/A,#N/A,Quote Line,#N/A,50
e1129caa-8939-4850-85c2-d4dacfff642c,106,05c6049b-7583-4711-9ba8-ced65c8580f7,Discount (%),#N/A,#N/A,false,#N/A,true,#N/A,#N/A,Quote Line,#N/A,30
